代码,名称,融资买入占成交额%,融资余额占流通市值%,当日涨跌幅%,当日振幅%,数据日期
000850,华茂股份,238.22,5.35,-9.92,0.0,2026-09-28
601579,会稽山,74.67,4.02,-9.99,9.01,2026-09-28
688480,赛恩斯,70.58,3.66,1.0,3.13,2026-09-28
688391,钜泉科技,49.56,3.08,0.11,2.23,2026-09-28
601868,中国能建,43.81,1.77,0.42,1.27,2026-09-28
301070,开勒股份,43.38,8.2,0.28,3.95,2026-09-28
300985,致远新能,41.56,2.03,-0.29,3.9,2026-09-28
688314,康拓医疗,39.12,3.6,0.69,2.54,2026-09-28
000510,新金路,38.68,3.94,0.94,3.57,2026-09-28
688267,中触媒,36.98,7.41,-0.18,2.15,2026-09-28
688093,世华科技,35.9,3.42,1.18,2.37,2026-09-28
600926,XD杭州银,34.11,1.9,0.0,1.13,2026-09-28
600452,涪陵电力,34.07,3.97,0.46,1.15,2026-09-28
301557,常友科技,34.05,8.08,-0.72,4.54,2026-09-28
688273,麦澜德,33.45,3.69,-0.2,3.8,2026-09-28
000733,振华科技,33.23,6.19,-0.23,1.07,2026-09-28
688533,上声电子,33.08,2.12,0.25,1.76,2026-09-28
301186,超达装备,33.06,7.44,-0.72,3.52,2026-09-28
601336,新华保险,31.81,4.41,0.07,0.84,2026-09-28
688526,科前生物,30.54,2.91,0.16,1.4,2026-09-28
000678,襄阳轴承,30.1,1.87,10.05,0.0,2026-09-28
688190,云路股份,30.09,3.55,0.16,2.48,2026-09-28
000531,穗恒运Ａ,29.78,3.72,0.37,1.1,2026-09-28
605305,中际联合,29.35,7.8,1.2,3.48,2026-09-28
600201,生物股份,29.25,10.81,0.18,2.1,2026-09-28
600157,永泰能源,28.72,4.17,1.4,2.8,2026-09-28
002419,天虹股份,28.43,5.67,1.54,2.41,2026-09-28
600221,海航控股,28.09,1.79,0.0,1.65,2026-09-28
000628,高新发展,27.75,10.16,-0.16,3.42,2026-09-28
688321,微芯生物,27.66,6.63,-1.15,3.57,2026-09-28
600368,五洲交通,27.46,3.26,0.49,1.71,2026-09-28
000932,华菱钢铁,27.43,4.42,1.18,1.76,2026-09-28
688439,振华风光,27.24,5.34,0.49,1.71,2026-09-28
688196,卓越新能,27.15,2.37,-1.1,2.91,2026-09-28
688581,安杰思,27.15,5.3,-2.08,3.76,2026-09-28
600330,天通股份,27.04,5.75,0.11,3.99,2026-09-28
000551,创元科技,26.82,7.66,0.52,1.89,2026-09-28
688667,菱电电控,26.67,6.41,4.08,5.39,2026-09-28
300641,正丹股份,26.65,4.1,-0.77,1.31,2026-09-28
688458,美芯晟,26.37,7.31,0.29,3.21,2026-09-28
688558,国盛智科,26.32,3.01,-0.15,2.32,2026-09-28
600917,重庆燃气,26.08,1.69,-0.42,1.04,2026-09-28
600109,国金证券,25.97,5.38,1.0,1.62,2026-09-28
001326,联域股份,25.78,5.45,0.22,4.07,2026-09-28
603050,科林电气,25.72,3.15,-0.36,1.45,2026-09-28
688609,九联科技,25.64,5.18,1.36,3.97,2026-09-28
600596,新安股份,25.63,6.07,0.19,1.92,2026-09-28
300918,南山智尚,25.41,3.62,-0.47,2.71,2026-09-28
002611,东方精工,25.39,10.66,-1.9,1.97,2026-09-28
002936,郑州银行,25.23,3.7,0.59,1.76,2026-09-28
301281,科源制药,25.13,5.75,1.79,3.9,2026-09-28
002928,华夏航空,25.13,2.94,0.66,1.15,2026-09-28
301086,鸿富瀚,25.12,5.75,-0.43,2.88,2026-09-28
000783,长江证券,25.09,4.49,0.25,1.52,2026-09-28
002386,天原股份,25.04,4.95,0.7,1.74,2026-09-28
688679,通源环境,24.87,10.61,2.5,6.06,2026-09-28
002807,江阴银行,24.72,3.21,0.24,1.45,2026-09-28
688253,英诺特,24.72,4.64,-0.95,2.24,2026-09-28
688215,瑞晟智能,24.65,2.96,-0.59,3.62,2026-09-28
688539,高华科技,24.51,4.22,-0.04,1.88,2026-09-28
600755,厦门国贸,24.08,4.87,-1.22,1.91,2026-09-28
601818,光大银行,24.05,1.02,0.67,1.34,2026-09-28
600835,上海机电,23.97,5.27,-0.6,1.75,2026-09-28
688199,久日新材,23.96,5.33,0.32,3.01,2026-09-28
600251,冠农股份,23.92,5.88,-1.61,2.11,2026-09-28
603969,银龙股份,23.86,5.66,0.14,1.67,2026-09-28
603396,金辰股份,23.73,3.75,-10.0,10.13,2026-09-28
688059,华锐精密,23.65,8.79,1.68,3.12,2026-09-28
600071,凤凰光学,23.56,3.94,0.5,2.04,2026-09-28
600905,三峡能源,23.33,1.01,-0.28,1.13,2026-09-28
688485,九州一轨,23.3,3.55,-0.3,3.08,2026-09-28
002695,煌上煌,23.26,2.97,0.28,1.61,2026-09-28
688683,莱尔科技,23.26,5.47,-0.82,2.91,2026-09-28
601696,中银证券,23.23,5.16,0.27,1.01,2026-09-28
603990,麦迪科技,23.19,8.2,-0.26,2.74,2026-09-28
600114,东睦股份,23.09,10.4,0.71,2.78,2026-09-28
300481,濮阳惠成,23.08,7.01,0.0,2.14,2026-09-28
000726,鲁  泰Ａ,22.95,5.51,0.17,1.51,2026-09-28
688338,赛科希德,22.91,3.32,-0.97,2.94,2026-09-28
300867,圣元环保,22.86,9.17,-0.06,1.48,2026-09-28
301045,天禄科技,22.86,2.98,-1.41,2.84,2026-09-28
688401,路维光电,22.8,4.68,1.11,3.08,2026-09-28
301589,诺瓦星云,22.78,3.82,0.74,3.55,2026-09-28
603299,苏盐井神,22.72,2.38,0.23,0.7,2026-09-28
603681,永冠新材,22.71,7.49,0.37,3.37,2026-09-28
000778,新兴铸管,22.65,5.7,0.86,1.71,2026-09-28
600015,华夏银行,22.62,2.12,0.49,0.97,2026-09-28
688379,华光新材,22.58,5.34,2.12,6.59,2026-09-28
600405,动力源,22.53,6.47,-0.99,2.37,2026-09-28
688283,坤恒顺维,22.53,3.61,-1.93,4.76,2026-09-28
300998,宁波方正,22.47,7.16,-0.14,2.56,2026-09-28
300790,宇瞳光学,22.43,3.94,0.17,2.71,2026-09-28
603588,高能环境,22.37,9.67,-1.34,2.73,2026-09-28
301148,嘉戎技术,22.25,4.68,1.94,3.76,2026-09-28
688308,欧科亿,22.22,6.46,0.5,3.51,2026-09-28
000063,中兴通讯,22.17,7.56,-0.23,0.94,2026-09-28
002489,浙江永强,22.15,6.49,-0.68,1.71,2026-09-28
301015,百洋医药,22.05,3.68,0.36,4.05,2026-09-28
603997,继峰股份,22.03,3.08,0.0,3.0,2026-09-28
688117,圣诺生物,22.03,7.66,-0.67,2.68,2026-09-28
600449,宁夏建材,21.99,6.97,0.56,1.53,2026-09-28
688312,燕麦科技,21.97,6.2,1.55,6.63,2026-09-28
601878,浙商证券,21.92,5.76,0.11,0.9,2026-09-28
000725,京东方Ａ,21.9,5.21,-1.55,3.1,2026-09-28
688501,青达环保,21.83,6.06,0.59,3.22,2026-09-28
688109,品茗科技,21.72,5.11,4.15,6.81,2026-09-28
300842,帝科股份,21.63,10.11,-0.96,2.25,2026-09-28
300101,振芯科技,21.56,7.85,0.29,1.88,2026-09-28
688603,天承科技,21.49,3.83,0.13,3.08,2026-09-28
688150,莱特光电,21.48,3.55,-0.58,4.94,2026-09-28
002478,常宝股份,21.42,5.32,-1.72,2.18,2026-09-28
301522,上大股份,21.41,4.91,-0.14,1.82,2026-09-28
600805,悦达投资,21.4,6.69,1.76,2.86,2026-09-28
600742,富维股份,21.36,5.76,-1.28,1.41,2026-09-28
600958,东方证券,21.33,4.27,0.23,0.7,2026-09-28
601996,丰林集团,21.28,4.3,0.69,2.78,2026-09-28
600020,中原高速,21.28,1.7,0.79,1.58,2026-09-28
688218,江苏北人,21.25,11.09,-0.81,4.09,2026-09-28
601881,中国银河,21.23,3.54,-0.6,1.21,2026-09-28
600864,哈投股份,21.19,6.28,0.0,1.24,2026-09-28
603025,大豪科技,21.11,1.38,0.94,1.71,2026-09-28
688230,芯导科技,21.02,2.75,1.76,2.62,2026-09-28
300931,通用电梯,21.02,6.79,0.18,5.88,2026-09-28
002236,大华股份,20.96,3.79,0.07,0.66,2026-09-28
002300,太阳电缆,20.81,3.61,-0.77,4.6,2026-09-28
688219,会通股份,20.81,5.98,0.3,1.58,2026-09-28
688721,龙图光罩,20.67,7.97,0.46,4.03,2026-09-28
301067,显盈科技,20.55,9.19,0.77,3.46,2026-09-28
601901,方正证券,20.51,5.47,0.15,0.91,2026-09-28
002839,张家港行,20.41,4.63,0.71,1.42,2026-09-28
688032,禾迈股份,20.37,5.42,1.23,2.35,2026-09-28
000852,石化机械,20.37,4.29,1.34,2.5,2026-09-28
688259,创耀科技,20.32,5.75,-0.61,2.83,2026-09-28
301397,溯联股份,20.28,10.75,-0.76,2.06,2026-09-28
603012,创力集团,20.25,7.58,0.71,3.69,2026-09-28
603885,吉祥航空,20.23,0.78,-0.1,0.92,2026-09-28
600930,华电新能,20.23,2.24,0.26,1.31,2026-09-28
300897,山科智能,20.16,3.87,-0.6,4.35,2026-09-28
688618,三旺通信,20.15,3.33,1.88,4.62,2026-09-28
002339,积成电子,20.15,6.53,0.43,2.56,2026-09-28
688662,富信科技,20.04,6.45,-0.36,5.62,2026-09-28
688786,悦安新材,20.0,5.69,-0.07,2.92,2026-09-28
688757,胜科纳米,19.98,5.64,-0.35,3.41,2026-09-28
300576,容大感光,19.95,6.39,-0.54,1.88,2026-09-28
600641,先导基电,19.93,3.76,-0.91,2.95,2026-09-28
688203,海正生材,19.93,3.92,1.95,6.8,2026-09-28
688566,吉贝尔,19.9,3.83,1.16,3.75,2026-09-28
603019,中科曙光,19.89,7.05,0.47,1.07,2026-09-28
002797,第一创业,19.86,7.9,0.16,0.82,2026-09-28
601108,财通证券,19.84,5.01,0.62,1.23,2026-09-28
600909,华安证券,19.82,3.95,1.32,2.24,2026-09-28
301181,标榜股份,19.82,4.14,0.35,2.67,2026-09-28
300740,水羊股份,19.79,5.94,1.57,5.89,2026-09-28
688255,凯尔达,19.76,4.52,1.65,3.26,2026-09-28
688330,宏力达,19.71,3.98,0.05,2.14,2026-09-28
688090,瑞松科技,19.67,5.64,-0.1,2.83,2026-09-28
301259,艾布鲁,19.65,9.34,-0.05,2.52,2026-09-28
688271,联影医疗,19.64,1.46,-0.74,1.45,2026-09-28
000498,山东路桥,19.63,2.74,-2.6,3.3,2026-09-28
300072,海新能科,19.58,5.15,-0.29,1.47,2026-09-28
688801,燧原科技,19.57,10.12,-1.52,5.41,2026-09-28
002452,长高电气,19.55,3.74,1.16,2.76,2026-09-28
002414,高德红外,19.54,3.23,-0.88,1.41,2026-09-28
600008,首创环保,19.54,2.81,1.12,1.87,2026-09-28
688079,美迪凯,19.51,4.39,-1.23,7.16,2026-09-28
002588,史丹利,19.51,3.45,0.0,0.95,2026-09-28
688080,映翰通,19.5,11.11,1.28,2.99,2026-09-28
688677,海泰新光,19.47,5.2,2.28,5.14,2026-09-28
688593,新相微,19.46,3.8,2.99,5.71,2026-09-28
688348,昱能科技,19.37,3.81,1.24,2.48,2026-09-28
301580,爱迪特,19.35,5.7,-0.34,2.49,2026-09-28
600222,太龙药业,19.34,8.66,-2.48,3.1,2026-09-28
300331,苏大维格,19.32,8.67,-0.64,2.44,2026-09-28
002266,浙富控股,19.3,3.69,0.22,1.1,2026-09-28
688775,影石创新,19.29,3.29,1.06,2.96,2026-09-28
301031,中熔电气,19.29,3.14,1.18,2.07,2026-09-28
000987,越秀资本,19.28,2.8,0.14,0.98,2026-09-28
688613,奥精医疗,19.28,8.64,4.49,6.78,2026-09-28
603267,鸿远电子,19.25,5.9,0.47,2.19,2026-09-28
600897,厦门空港,19.23,2.04,-1.89,3.07,2026-09-28
000598,兴蓉环境,19.2,2.03,0.29,1.14,2026-09-28
601231,环旭电子,19.15,1.72,1.77,4.9,2026-09-28
301305,朗坤科技,19.15,6.6,0.0,2.39,2026-09-28
002926,华西证券,19.13,5.34,0.87,1.86,2026-09-28
000623,吉林敖东,19.13,6.71,0.0,0.81,2026-09-28
688268,华特气体,19.09,5.63,-0.64,2.1,2026-09-28
688479,友车科技,19.04,7.64,-0.14,4.78,2026-09-28
600010,包钢股份,19.02,3.85,0.97,2.43,2026-09-28
601788,光大证券,19.01,5.9,-0.22,0.96,2026-09-28
000731,四川美丰,18.96,8.92,-0.5,3.35,2026-09-28
301092,争光股份,18.95,3.68,0.5,3.47,2026-09-28
688767,博拓生物,18.95,4.06,-2.03,3.73,2026-09-28
301356,天振股份,18.94,3.7,-0.5,2.62,2026-09-28
301046,能辉科技,18.93,3.86,-0.65,3.98,2026-09-28
002643,万润股份,18.92,4.79,0.88,3.34,2026-09-28
002536,飞龙股份,18.89,6.85,0.04,2.6,2026-09-28
600125,铁龙物流,18.87,6.82,0.38,1.15,2026-09-28
688011,新光光电,18.87,3.42,0.94,3.97,2026-09-28
002049,紫光国微,18.87,8.32,-0.38,1.07,2026-09-28
000970,中科三环,18.87,8.9,0.55,1.56,2026-09-28
002446,盛路通信,18.84,9.55,-0.13,1.94,2026-09-28
600966,博汇纸业,18.83,2.1,0.63,1.69,2026-09-28
300857,协创数据,18.77,6.7,0.16,3.1,2026-09-28
300989,蕾奥规划,18.74,11.61,0.81,2.51,2026-09-28
600470,六国化工,18.72,5.04,0.55,1.84,2026-09-28
688582,芯动联科,18.7,5.53,0.03,1.66,2026-09-28
688398,赛特新材,18.7,8.9,0.57,2.69,2026-09-28
688700,东威科技,18.68,4.2,-0.97,2.58,2026-09-28
688403,汇成股份,18.68,7.29,-0.67,3.93,2026-09-28
300382,斯莱克,18.66,6.74,0.48,6.67,2026-09-28
688598,金博股份,18.63,7.61,1.33,4.42,2026-09-28
603568,伟明环保,18.59,1.35,-1.05,1.95,2026-09-28
300179,四方达,18.56,6.95,-5.54,5.33,2026-09-28
002965,祥鑫科技,18.52,7.34,-1.45,1.97,2026-09-28
600108,亚盛集团,18.52,5.35,-1.02,2.56,2026-09-28
601375,中原证券,18.51,6.99,1.29,1.8,2026-09-28
688606,奥泰生物,18.49,2.48,-0.89,2.47,2026-09-28
688550,瑞联新材,18.47,4.58,0.06,2.29,2026-09-28
300308,中际旭创,18.47,3.62,-0.24,1.74,2026-09-28
600616,金枫酒业,18.46,5.54,-3.28,6.36,2026-09-28
688623,双元科技,18.45,8.67,-0.3,3.6,2026-09-28
688337,普源精电,18.45,3.35,-3.64,5.99,2026-09-28
600057,厦门象屿,18.44,2.22,-0.5,1.99,2026-09-28
601665,齐鲁银行,18.44,2.57,-0.29,1.87,2026-09-28
688486,龙迅股份,18.41,4.15,-0.13,3.1,2026-09-28
688326,经纬恒润,18.39,4.27,0.28,1.9,2026-09-28
300699,光威复材,18.38,4.9,0.13,1.06,2026-09-28
688395,正弦电气,18.37,2.83,2.33,4.35,2026-09-28
301235,华康洁净,18.35,4.87,-1.52,3.12,2026-09-28
001380,华纬科技,18.34,2.9,0.8,2.89,2026-09-28
000922,佳电股份,18.34,4.61,1.27,2.11,2026-09-28
300901,中胤时尚,18.33,3.32,0.24,3.65,2026-09-28
688181,八亿时空,18.3,6.54,-2.37,3.45,2026-09-28
301498,乖宝宠物,18.3,3.13,-1.15,2.31,2026-09-28
301260,格力博,18.3,4.7,0.51,1.8,2026-09-28
301003,江苏博云,18.28,5.49,1.52,3.4,2026-09-28
002522,浙江众成,18.27,7.5,1.71,3.43,2026-09-28
301263,泰恩康,18.22,11.81,1.44,2.18,2026-09-28
600894,广日股份,18.22,1.96,0.66,2.89,2026-09-28
688028,沃尔德,18.18,6.34,-2.72,4.25,2026-09-28
603355,莱克电气,18.12,1.88,0.5,2.38,2026-09-28
600535,天士力,18.09,3.21,-0.43,1.3,2026-09-28
000686,东北证券,18.03,7.42,0.13,0.8,2026-09-28
000541,佛山照明,18.01,4.35,0.21,1.03,2026-09-28
688343,云天励飞,17.99,6.39,0.97,3.44,2026-09-28
600269,赣粤高速,17.91,2.64,0.8,1.34,2026-09-28
688727,恒坤新材,17.88,9.2,-0.53,3.16,2026-09-28
300505,川金诺,17.88,8.03,-2.74,1.74,2026-09-28
002483,润邦股份,17.86,4.01,0.17,1.88,2026-09-28
688551,XD科威尔,17.85,4.36,0.71,5.77,2026-09-28
600999,招商证券,17.84,2.4,0.12,0.77,2026-09-28
300861,美畅股份,17.84,5.1,-0.26,1.44,2026-09-28
301000,肇民科技,17.83,3.44,-0.88,2.53,2026-09-28
688257,新锐股份,17.8,5.36,1.83,5.94,2026-09-28
300019,硅宝科技,17.79,4.94,1.1,1.83,2026-09-28
600115,中国东航,17.77,1.04,0.3,0.91,2026-09-28
300109,新开源,17.75,10.22,0.88,2.39,2026-09-28
300776,帝尔激光,17.74,3.67,-2.27,5.01,2026-09-28
688170,德龙激光,17.73,6.7,-2.37,3.46,2026-09-28
002385,大北农,17.72,4.96,0.33,1.31,2026-09-28
301179,泽宇智能,17.72,3.43,0.21,2.57,2026-09-28
002366,融发核电,17.62,3.53,-0.18,1.09,2026-09-28
600030,中信证券,17.61,5.74,-0.46,0.89,2026-09-28
002164,宁波东力,17.59,5.02,-2.11,3.01,2026-09-28
601377,兴业证券,17.54,4.4,-0.35,0.87,2026-09-28
603639,海利尔,17.54,2.61,-0.19,1.45,2026-09-28
688350,富淼科技,17.52,5.35,2.24,4.09,2026-09-28
001391,国货航,17.5,0.94,-0.26,0.79,2026-09-28
002221,东华能源,17.5,7.87,-0.18,1.25,2026-09-28
300476,胜宏科技,17.49,9.14,1.53,3.29,2026-09-28
600699,均胜电子,17.48,4.88,-5.29,5.41,2026-09-28
000422,湖北宜化,17.46,6.53,-0.52,1.04,2026-09-28
300328,宜安科技,17.46,7.75,-1.62,2.26,2026-09-28
688455,科捷智能,17.41,2.88,-0.62,3.73,2026-09-28
002683,广东宏大,17.39,6.41,-0.22,3.33,2026-09-28
002243,力合科创,17.36,7.72,1.91,2.79,2026-09-28
000630,铜陵有色,17.35,4.67,1.76,1.93,2026-09-28
688305,科德数控,17.35,6.03,0.31,1.59,2026-09-28
600522,中天科技,17.34,5.02,0.03,2.65,2026-09-28
688087,英科再生,17.32,1.76,-1.08,2.51,2026-09-28
600459,贵研铂业,17.29,8.02,0.67,1.34,2026-09-28
603191,望变电气,17.28,6.88,1.0,2.23,2026-09-28
301568,思泰克,17.28,13.38,0.98,3.56,2026-09-28
002897,意华股份,17.24,6.98,-1.15,2.77,2026-09-28
600133,东湖高新,17.24,9.92,0.91,2.07,2026-09-28
002840,华统股份,17.23,6.75,-0.25,1.75,2026-09-28
000905,厦门港务,17.23,3.51,-2.65,3.29,2026-09-28
603297,永新光学,17.22,2.44,-0.79,2.32,2026-09-28
000885,城发环境,17.22,2.46,0.61,1.21,2026-09-28
002727,一心堂,17.21,4.91,-0.37,1.31,2026-09-28
002662,峰璟股份,17.21,7.21,0.65,1.94,2026-09-28
300088,长信科技,17.19,8.36,-1.73,2.3,2026-09-28
688161,威高骨科,17.19,1.93,0.79,2.08,2026-09-28
300811,铂科新材,17.17,3.92,3.36,5.85,2026-09-28
002779,中坚科技,17.16,5.35,-0.14,2.63,2026-09-28
002675,东诚药业,17.15,12.9,0.79,2.53,2026-09-28
300001,特锐德,17.12,3.25,-1.24,2.48,2026-09-28
300629,新劲刚,17.12,10.14,-2.54,2.54,2026-09-28
688518,联赢激光,17.12,7.28,0.25,2.91,2026-09-28
603328,依顿电子,17.11,2.86,9.98,11.35,2026-09-28
600061,国投资本,17.11,3.56,0.99,1.48,2026-09-28
688656,浩欧博,17.1,1.39,-4.09,5.6,2026-09-28
601318,中国平安,17.09,6.42,0.19,0.99,2026-09-28
002120,韵达股份,17.08,2.98,0.44,1.48,2026-09-28
688515,裕太微,17.07,6.97,-0.23,2.81,2026-09-28
002334,英威腾,17.07,7.6,0.94,2.52,2026-09-28
002416,爱施德,17.03,5.56,1.14,2.61,2026-09-28
301169,零点有数,17.02,3.58,0.06,2.76,2026-09-28
002338,奥普光电,17.01,4.25,-1.14,2.36,2026-09-28
000166,申万宏源,17.0,3.14,0.46,1.61,2026-09-28
002237,恒邦股份,16.99,9.72,0.9,2.04,2026-09-28
300889,爱克股份,16.99,6.94,1.82,3.7,2026-09-28
000617,中油资本,16.98,2.03,0.31,1.07,2026-09-28
002947,恒铭达,16.96,8.45,-0.52,3.28,2026-09-28
603223,恒通股份,16.96,1.79,0.11,1.59,2026-09-28
300992,泰福泵业,16.89,4.55,0.0,3.07,2026-09-28
688171,纬德信息,16.88,4.38,-7.86,7.75,2026-09-28
688601,力芯微,16.86,6.28,3.47,6.64,2026-09-28
603175,超颖电子,16.82,10.34,5.1,12.04,2026-09-28
301528,多浦乐,16.78,9.46,0.43,3.22,2026-09-28
688512,慧智微,16.77,4.15,-0.72,4.04,2026-09-28
002051,中工国际,16.76,3.54,0.94,1.76,2026-09-28
002275,桂林三金,16.75,1.91,0.0,1.16,2026-09-28
300319,麦捷科技,16.74,8.14,0.27,3.46,2026-09-28
300955,嘉亨家化,16.7,3.71,-0.5,2.69,2026-09-28
000968,蓝焰控股,16.7,3.99,-0.73,1.31,2026-09-28
002284,亚太股份,16.69,4.92,0.33,2.39,2026-09-28
002062,宏润建设,16.69,5.66,1.82,4.43,2026-09-28
688088,虹软科技,16.67,5.46,1.39,2.65,2026-09-28
688583,思看科技,16.66,7.58,0.77,2.77,2026-09-28
601958,金钼股份,16.66,1.55,0.89,1.62,2026-09-28
603612,索通发展,16.63,7.41,1.09,1.99,2026-09-28
001388,信通电子,16.62,2.39,-0.56,2.68,2026-09-28
000927,中国铁物,16.61,2.12,0.41,1.65,2026-09-28
601988,中国银行,16.61,0.07,0.3,1.81,2026-09-28
688113,联测科技,16.6,3.63,-0.9,1.54,2026-09-28
600268,国电南自,16.59,2.96,0.91,1.62,2026-09-28
600961,株冶集团,16.58,3.73,1.26,3.18,2026-09-28
600707,彩虹股份,16.58,2.08,-7.8,5.97,2026-09-28
600369,西南证券,16.57,3.42,1.3,2.07,2026-09-28
300691,联合光电,16.51,6.14,1.33,3.9,2026-09-28
688296,和达科技,16.51,5.34,2.65,7.78,2026-09-28
002553,南方精工,16.5,4.67,-2.31,3.0,2026-09-28
002255,海陆重工,16.5,6.38,0.41,1.52,2026-09-28
688007,光峰科技,16.5,10.22,0.38,2.17,2026-09-28
688097,博众精工,16.47,3.21,0.33,2.7,2026-09-28
002943,宇晶股份,16.46,7.81,-0.76,2.42,2026-09-28
301161,唯万密封,16.45,4.57,-0.21,2.29,2026-09-28
002960,青鸟智控,16.44,3.29,0.12,1.9,2026-09-28
688232,新点软件,16.44,2.82,0.97,2.17,2026-09-28
301093,华兰股份,16.44,6.25,-0.43,3.79,2026-09-28
301626,苏州天脉,16.44,10.97,-1.96,3.76,2026-09-28
688718,唯赛勃,16.44,1.64,0.2,2.29,2026-09-28
600618,氯碱化工,16.42,2.36,-0.63,1.15,2026-09-28
002011,盾安环境,16.41,3.55,-2.57,3.35,2026-09-28
301322,绿通科技,16.41,6.57,1.38,5.37,2026-09-28
300429,强力新材,16.38,7.33,-1.08,1.9,2026-09-28
002171,楚江新材,16.35,6.03,-0.31,2.07,2026-09-28
688151,华强科技,16.35,1.65,0.24,1.57,2026-09-28
002423,中粮资本,16.34,2.45,0.66,1.77,2026-09-28
688332,中科蓝讯,16.33,3.03,-0.05,2.38,2026-09-28
688516,奥特维,16.33,3.29,0.14,2.64,2026-09-28
603678,火炬电子,16.31,3.2,0.71,3.08,2026-09-28
600085,同仁堂,16.31,3.13,-0.13,1.16,2026-09-28
300351,永贵电器,16.3,8.08,0.97,2.16,2026-09-28
000795,英洛华,16.21,2.78,-0.73,1.33,2026-09-28
301381,赛维时代,16.2,2.65,-2.06,4.11,2026-09-28
603260,合盛硅业,16.2,2.04,0.32,1.78,2026-09-28
601339,百隆东方,16.19,0.64,-1.1,2.61,2026-09-28
600456,宝钛股份,16.17,4.37,0.86,1.64,2026-09-28
600906,财达证券,16.17,6.02,0.64,1.12,2026-09-28
688456,有研粉材,16.15,5.38,-0.33,2.27,2026-09-28
001390,古麒绒材,16.15,5.35,-1.55,2.3,2026-09-28
688292,浩瀚深度,16.15,3.81,3.7,6.58,2026-09-28
688508,芯朋微,16.13,3.99,0.19,3.4,2026-09-28
002997,瑞鹄模具,16.12,6.27,0.94,2.16,2026-09-28
688261,东微半导,16.12,4.55,1.28,3.68,2026-09-28
301191,菲菱科思,16.1,5.19,-0.81,1.97,2026-09-28
300496,中科创达,16.09,8.39,0.06,1.56,2026-09-28
002041,登海种业,16.09,2.5,-1.06,2.02,2026-09-28
688697,纽威数控,16.07,2.15,-1.35,5.07,2026-09-28
301291,明阳电气,16.06,5.98,3.5,4.97,2026-09-28
301188,力诺药包,16.06,4.81,-1.42,3.01,2026-09-28
300360,炬华科技,16.02,5.62,0.28,1.38,2026-09-28
002148,北纬科技,16.01,5.41,1.79,3.09,2026-09-28
002169,智光电气,16.0,8.78,-1.06,2.53,2026-09-28
301116,益客食品,16.0,1.32,0.22,1.97,2026-09-28
002906,华阳集团,15.98,3.7,0.15,1.91,2026-09-28
300039,上海凯宝,15.96,6.18,-0.58,2.51,2026-09-28
600458,时代新材,15.94,4.74,0.37,1.94,2026-09-28
688103,国力电子,15.94,6.37,0.78,4.16,2026-09-28
301499,维科精密,15.94,1.89,0.04,2.72,2026-09-28
688069,德林海,15.94,5.53,1.77,3.75,2026-09-28
600258,首旅酒店,15.93,1.95,0.18,1.0,2026-09-28
002824,和胜股份,15.93,6.62,0.12,3.13,2026-09-28
605168,三人行,15.91,5.04,-0.74,3.38,2026-09-28
301055,张小泉,15.9,3.87,-0.03,3.37,2026-09-28
603777,来伊份,15.9,3.75,1.77,4.05,2026-09-28
300709,精研科技,15.89,10.97,-0.85,1.95,2026-09-28
000938,紫光股份,15.88,5.25,0.22,1.65,2026-09-28
301335,天元宠物,15.87,3.87,-2.83,3.64,2026-09-28
600475,华光环能,15.86,2.61,-0.35,1.6,2026-09-28
300938,信测标准,15.84,8.41,2.05,7.19,2026-09-28
300679,电连技术,15.83,9.7,-0.24,2.93,2026-09-28
300406,九强生物,15.82,3.47,-0.84,1.77,2026-09-28
603713,密尔克卫,15.81,1.75,-0.37,3.3,2026-09-28
002157,正邦科技,15.8,2.62,0.34,1.37,2026-09-28
002454,松芝股份,15.79,3.83,-0.2,2.35,2026-09-28
600392,盛和资源,15.78,6.56,0.7,1.59,2026-09-28
300922,天秦装备,15.78,7.07,-0.18,1.99,2026-09-28
300747,锐科激光,15.77,4.41,0.72,2.79,2026-09-28
688633,星球石墨,15.75,4.51,0.83,1.66,2026-09-28
688711,宏微科技,15.75,5.97,1.02,3.92,2026-09-28
301273,瑞晨环保,15.72,2.97,-2.02,4.7,2026-09-28
300041,回天新材,15.71,7.52,-0.28,1.78,2026-09-28
601880,辽港股份,15.71,0.94,0.69,1.39,2026-09-28
601995,中金公司,15.69,2.98,0.36,0.95,2026-09-28
002106,莱宝高科,15.69,6.92,-0.82,3.7,2026-09-28
601211,国泰海通,15.68,3.52,-0.95,2.08,2026-09-28
000100,TCL科技,15.67,4.45,-0.63,1.46,2026-09-28
301275,汉朔科技,15.66,3.28,0.0,1.28,2026-09-28
002297,博云新材,15.65,6.58,-1.13,3.14,2026-09-28
301160,翔楼新材,15.65,9.95,0.15,2.91,2026-09-28
688236,春立医疗,15.65,1.25,-0.07,3.4,2026-09-28
300862,蓝盾光电,15.63,11.51,-2.89,4.44,2026-09-28
300263,隆华科技,15.62,7.62,-0.99,2.07,2026-09-28
002948,青岛银行,15.62,4.22,-0.17,1.65,2026-09-28
300191,潜能恒信,15.61,7.89,0.39,2.43,2026-09-28
688776,国光电气,15.6,4.55,-1.57,3.02,2026-09-28
688615,合合信息,15.58,6.93,1.45,3.69,2026-09-28
688388,嘉元科技,15.58,5.87,3.08,4.62,2026-09-28
301175,中科环保,15.57,7.03,1.27,1.81,2026-09-28
688309,恒誉科技,15.55,5.9,-1.27,4.22,2026-09-28
688127,蓝特光学,15.54,4.14,1.93,3.39,2026-09-28
601669,中国电建,15.54,4.97,0.0,0.88,2026-09-28
600798,宁波海运,15.54,2.45,-0.59,1.47,2026-09-28
688291,金橙子,15.53,2.17,-0.59,2.5,2026-09-28
002152,广电运通,15.52,5.0,0.68,0.9,2026-09-28
002166,莱茵生物,15.52,10.57,-0.75,1.79,2026-09-28
688678,福立旺,15.52,5.25,2.37,7.93,2026-09-28
688129,东来技术,15.51,1.37,-0.26,3.05,2026-09-28
603129,春风动力,15.5,0.36,1.76,2.79,2026-09-28
688696,极米科技,15.5,3.05,-0.07,1.81,2026-09-28
600176,中国巨石,15.5,3.71,1.07,3.21,2026-09-28
002046,国机精工,15.49,4.28,-1.68,2.88,2026-09-28
600875,东方电气,15.48,3.73,1.14,2.25,2026-09-28
002518,科士达,15.47,2.92,1.27,3.01,2026-09-28
600197,伊力特,15.45,3.74,0.11,1.31,2026-09-28
300059,东方财富,15.45,9.42,-0.56,1.57,2026-09-28
603658,安图生物,15.44,2.08,-1.52,2.99,2026-09-28
603978,深圳新星,15.43,5.61,1.98,5.19,2026-09-28
300145,南方泵业,15.42,5.68,0.0,2.98,2026-09-28
688173,希荻微,15.41,2.77,2.39,3.94,2026-09-28
002395,双象股份,15.41,3.2,-2.15,3.86,2026-09-28
600316,洪都航空,15.39,3.06,-0.64,1.82,2026-09-28
600100,同方股份,15.39,7.93,0.46,1.54,2026-09-28
300976,达瑞电子,15.38,3.11,1.35,4.12,2026-09-28
300856,科思股份,15.36,3.12,0.39,1.07,2026-09-28
600259,中稀有色,15.35,3.86,0.23,2.67,2026-09-28
002438,江苏神通,15.35,10.09,-2.08,3.37,2026-09-28
000958,电投产融,15.35,1.74,-1.01,1.61,2026-09-28
688356,键凯科技,15.33,4.24,-3.68,8.42,2026-09-28
688788,科思科技,15.33,7.01,0.74,2.73,2026-09-28
600170,上海建工,15.32,3.76,1.84,2.3,2026-09-28
688262,国芯科技,15.32,5.75,0.54,3.21,2026-09-28
002734,利民股份,15.3,7.97,0.54,4.85,2026-09-28
301380,挖金客,15.29,5.25,0.44,3.19,2026-09-28
000988,华工科技,15.27,7.94,1.77,3.14,2026-09-28
301370,国科恒泰,15.26,3.4,0.47,2.22,2026-09-28
002399,海普瑞,15.26,1.81,-0.52,2.17,2026-09-28
002706,良信股份,15.25,5.27,0.36,1.31,2026-09-28
601128,常熟银行,15.25,2.31,0.33,0.98,2026-09-28
688282,理工导航,15.24,1.64,-0.57,2.19,2026-09-28
601163,三角轮胎,15.23,2.08,0.08,0.9,2026-09-28
002068,黑猫股份,15.21,3.62,-0.22,5.15,2026-09-28
688682,霍莱沃,15.2,2.86,-4.18,4.85,2026-09-28
688628,优利德,15.2,2.83,-4.26,8.15,2026-09-28
000060,中金岭南,15.18,6.28,1.57,2.44,2026-09-28
600661,昂立教育,15.17,5.41,1.09,3.37,2026-09-28
301307,美利信,15.16,8.91,-1.14,4.15,2026-09-28
600718,东软集团,15.15,9.41,0.77,1.53,2026-09-28
688605,先锋精科,15.15,3.99,0.53,3.98,2026-09-28
000420,吉林化纤,15.12,4.89,0.0,1.15,2026-09-28
003021,兆威机电,15.08,3.09,0.26,2.73,2026-09-28
603163,圣晖集成,15.04,1.08,0.32,1.89,2026-09-28
002230,科大讯飞,15.04,6.41,-0.13,1.15,2026-09-28
301571,国科天成,15.03,4.45,1.62,3.26,2026-09-28
688468,科美诊断,15.03,5.36,0.61,2.75,2026-09-28
002079,苏州固锝,15.03,7.25,0.35,1.99,2026-09-28
688075,安旭生物,15.01,2.56,0.64,2.91,2026-09-28
002274,华昌化工,14.96,3.88,0.34,2.24,2026-09-28
601169,北京银行,14.91,1.77,0.55,1.28,2026-09-28
300285,国瓷材料,14.91,7.23,-1.01,3.47,2026-09-28
301053,远信工业,14.91,5.21,-2.62,3.46,2026-09-28
002705,新宝股份,14.91,2.37,-3.51,3.92,2026-09-28
002108,沧州明珠,14.9,6.41,0.24,1.89,2026-09-28
301439,泓淋电力,14.89,4.46,0.07,1.66,2026-09-28
301096,百诚医药,14.88,4.66,2.39,5.81,2026-09-28
300825,阿尔特,14.86,8.64,-1.2,3.78,2026-09-28
600500,中化国际,14.86,4.54,-0.2,3.78,2026-09-28
000582,北部湾港,14.85,2.34,-1.97,1.42,2026-09-28
600702,舍得酒业,14.83,6.11,-0.41,1.47,2026-09-28
300951,博硕科技,14.83,2.82,-0.52,7.17,2026-09-28
603938,三孚股份,14.83,2.55,-1.13,3.2,2026-09-28
600739,辽宁成大,14.82,7.88,0.0,0.89,2026-09-28
300767,震安科技,14.81,4.2,2.02,3.84,2026-09-28
688057,金达莱,14.81,4.7,1.46,3.02,2026-09-28
301237,和顺科技,14.77,5.09,-0.05,4.36,2026-09-28
002555,三七互娱,14.74,5.89,0.06,0.82,2026-09-28
301095,广立微,14.74,3.88,-0.2,1.74,2026-09-28
301489,思泉新材,14.73,9.56,0.13,4.11,2026-09-28
600497,驰宏锌锗,14.71,4.25,1.13,2.15,2026-09-28
600063,皖维高新,14.7,6.66,0.0,1.31,2026-09-28
300184,力源信息,14.69,9.81,0.09,2.41,2026-09-28
688208,道通科技,14.68,5.59,2.79,3.4,2026-09-28
600223,福瑞达,14.68,5.75,0.89,1.96,2026-09-28
000404,长虹华意,14.67,5.16,-0.15,1.19,2026-09-28
601990,南京证券,14.66,2.98,0.62,1.54,2026-09-28
600765,中航重机,14.66,5.33,0.08,1.38,2026-09-28
688418,震有科技,14.65,8.75,-1.09,2.19,2026-09-28
300835,龙磁科技,14.62,4.61,4.54,6.99,2026-09-28
688300,联瑞新材,14.61,3.08,2.05,5.64,2026-09-28
603337,杰克科技,14.61,0.56,-0.95,1.34,2026-09-28
000408,藏格矿业,14.6,1.81,-0.14,1.82,2026-09-28
688070,纵横股份,14.59,3.56,0.09,3.15,2026-09-28
002254,泰和新材,14.58,4.08,-0.52,1.72,2026-09-28
300337,银邦股份,14.58,6.36,1.13,2.03,2026-09-28
301223,中荣股份,14.57,2.2,-0.27,1.48,2026-09-28
300864,南大环境,14.56,2.28,-0.4,2.86,2026-09-28
301607,富特科技,14.56,7.15,0.71,4.16,2026-09-28
300099,尤洛卡,14.56,8.9,0.16,1.77,2026-09-28
300916,朗特智能,14.55,4.52,-0.87,4.03,2026-09-28
600059,古越龙山,14.54,5.25,-4.94,13.21,2026-09-28
603099,长白山,14.52,2.89,-2.02,4.93,2026-09-28
688836,宇树科技,14.51,8.22,-1.88,2.35,2026-09-28
600776,东方通信,14.51,3.53,0.57,1.79,2026-09-28
688665,四方光电,14.51,2.43,-1.32,2.97,2026-09-28
601021,春秋航空,14.49,1.53,-1.48,1.73,2026-09-28
301207,华兰疫苗,14.48,1.14,-2.48,3.74,2026-09-28
600285,羚锐制药,14.48,4.15,0.27,0.8,2026-09-28
688556,高测股份,14.47,9.49,-0.26,1.98,2026-09-28
688419,耐科装备,14.46,2.32,1.17,3.84,2026-09-28
688162,巨一科技,14.46,1.77,1.14,4.86,2026-09-28
002158,汉钟精机,14.44,4.04,0.73,3.53,2026-09-28
603298,杭叉集团,14.43,0.49,0.69,2.94,2026-09-28
300657,弘信电子,14.42,10.41,2.18,4.97,2026-09-28
000917,电广传媒,14.42,10.74,2.25,3.75,2026-09-28
002301,齐心集团,14.41,4.8,4.01,8.14,2026-09-28
002042,华孚时尚,14.4,6.23,-0.54,3.54,2026-09-28
300174,元力股份,14.4,9.69,-0.93,2.38,2026-09-28
301128,强瑞技术,14.39,5.52,0.0,2.49,2026-09-28
688625,呈和科技,14.39,5.05,-2.51,4.15,2026-09-28
688813,泰金新能,14.35,11.74,2.07,5.09,2026-09-28
002262,恩华药业,14.34,3.27,-0.23,1.48,2026-09-28
688449,联芸科技,14.34,5.99,0.77,2.03,2026-09-28
002939,长城证券,14.34,4.35,0.26,0.91,2026-09-28
002601,龙佰集团,14.34,1.95,-0.88,2.03,2026-09-28
688327,云从科技,14.34,9.83,0.31,2.07,2026-09-28
603220,中贝通信,14.33,9.12,0.47,2.53,2026-09-28
002612,朗姿股份,14.33,2.99,0.82,4.47,2026-09-28
603358,华达科技,14.32,4.61,0.0,3.09,2026-09-28
301303,真兰仪表,14.32,3.27,2.18,4.21,2026-09-28
600820,隧道股份,14.32,3.15,0.0,1.15,2026-09-28
600790,轻纺城,14.29,9.36,-1.35,7.03,2026-09-28
300777,中简科技,14.29,10.21,-0.2,1.89,2026-09-28
688285,XD高铁电,14.29,2.36,1.05,2.9,2026-09-28
300863,卡倍亿,14.28,4.33,-0.18,4.01,2026-09-28
301071,力量钻石,14.28,7.01,-3.33,3.53,2026-09-28
603306,华懋科技,14.24,6.82,-2.81,4.26,2026-09-28
600081,东风科技,14.24,1.78,1.5,2.72,2026-09-28
300735,光弘科技,14.23,6.33,1.36,3.24,2026-09-28
600871,石化油服,14.23,1.56,0.0,1.44,2026-09-28
300226,上海钢联,14.22,7.56,1.19,2.32,2026-09-28
002270,华明装备,14.19,2.42,0.0,1.59,2026-09-28
002736,国信证券,14.18,1.72,0.41,0.72,2026-09-28
300249,依米康,14.16,6.79,0.8,2.47,2026-09-28
300566,激智科技,14.16,6.78,-1.24,2.35,2026-09-28
601186,中国铁建,14.15,3.54,0.34,0.84,2026-09-28
603719,良品铺子,14.15,3.27,0.11,1.87,2026-09-28
000716,黑芝麻,14.15,2.6,-0.4,1.81,2026-09-28
600380,健康元,14.12,3.49,1.12,4.8,2026-09-28
600977,中国电影,14.11,1.77,1.86,3.18,2026-09-28
600066,宇通客车,14.1,0.49,0.46,2.52,2026-09-28
300518,新迅达,14.1,6.98,3.37,5.85,2026-09-28
300302,同有科技,14.08,8.35,0.84,2.75,2026-09-28
002179,中航光电,14.08,2.71,-1.11,1.83,2026-09-28
603727,博迈科,14.06,1.68,-1.2,2.61,2026-09-28
603035,常熟汽饰,14.03,8.97,-0.67,1.24,2026-09-28
300868,杰美特,14.03,5.79,-2.6,4.04,2026-09-28
688610,埃科光电,14.02,1.96,0.54,4.18,2026-09-28
300586,美联新材,14.02,7.69,2.08,4.86,2026-09-28
002145,钛能化学,14.02,3.76,-0.86,2.16,2026-09-28
002701,奥瑞金,14.01,5.2,-0.47,1.89,2026-09-28
600552,凯盛科技,14.01,6.33,-4.07,4.52,2026-09-28
601061,中信金属,14.0,1.01,0.96,1.54,2026-09-28
603236,移远通信,14.0,4.1,-1.61,2.25,2026-09-28
300497,富祥股份,14.0,7.3,0.69,4.92,2026-09-28
000685,中山公用,13.99,3.83,-0.09,0.75,2026-09-28
601456,国联民生,13.98,2.54,-0.47,0.82,2026-09-28
688608,恒玄科技,13.97,3.68,-1.62,3.55,2026-09-28
300997,欢乐家,13.97,1.58,-1.13,2.32,2026-09-28
301312,智立方,13.96,4.49,0.61,3.08,2026-09-28
601916,浙商银行,13.96,0.88,1.77,2.48,2026-09-28
600499,科达制造,13.96,2.55,-0.45,1.8,2026-09-28
600531,豫光金铅,13.95,7.0,0.82,2.45,2026-09-28
600893,航发动力,13.94,2.43,-0.7,2.46,2026-09-28
688525,佰维存储,13.92,9.24,0.18,2.4,2026-09-28
300969,恒帅股份,13.89,2.68,0.43,4.72,2026-09-28
003816,中国广核,13.87,0.17,-1.17,2.35,2026-09-28
601975,招商南油,13.87,3.8,-1.99,3.1,2026-09-28
603776,永安行,13.86,8.79,1.74,2.9,2026-09-28
301390,经纬股份,13.86,4.35,2.04,3.78,2026-09-28
688750,金天钛业,13.86,6.34,1.47,2.49,2026-09-28
688209,英集芯,13.84,2.19,-1.37,3.83,2026-09-28
002057,中钢天源,13.83,7.16,1.74,2.08,2026-09-28
600016,民生银行,13.83,6.16,0.87,2.03,2026-09-28
300393,中来股份,13.83,8.15,1.55,3.44,2026-09-28
300939,秋田微,13.81,4.49,3.14,7.89,2026-09-28
600267,海正药业,13.8,6.04,-0.95,2.51,2026-09-28
688258,卓易信息,13.8,4.49,3.37,5.69,2026-09-28
603172,万丰股份,13.79,1.59,1.8,4.16,2026-09-28
688383,新益昌,13.78,2.73,0.17,4.39,2026-09-28
300110,华仁药业,13.78,6.2,-2.13,3.96,2026-09-28
000426,兴业银锡,13.75,7.96,1.28,3.59,2026-09-28
601688,华泰证券,13.73,5.31,-0.67,1.4,2026-09-28
601199,江南水务,13.72,3.06,-2.87,3.47,2026-09-28
001270,铖昌科技,13.72,1.95,-2.09,2.83,2026-09-28
301178,天亿马,13.72,7.98,0.14,2.19,2026-09-28
300083,创世纪,13.71,8.53,0.35,2.42,2026-09-28
301079,邵阳液压,13.71,5.32,-1.07,2.48,2026-09-28
301238,瑞泰新材,13.71,2.4,3.35,4.01,2026-09-28
300144,宋城演艺,13.7,5.72,0.0,0.72,2026-09-28
002026,山东威达,13.7,5.52,1.84,4.78,2026-09-28
002922,伊戈尔,13.69,4.8,0.61,2.67,2026-09-28
300416,苏试试验,13.69,6.98,-0.15,1.61,2026-09-28
688392,骄成超声,13.66,2.32,1.38,3.32,2026-09-28
600435,北方导航,13.63,3.48,0.09,1.84,2026-09-28
688269,凯立新材,13.6,5.39,1.69,3.49,2026-09-28
688325,赛微微电,13.6,4.34,-1.77,6.05,2026-09-28
688367,工大高科,13.6,6.94,0.44,3.12,2026-09-28
688355,明志科技,13.59,2.17,1.49,3.47,2026-09-28
600138,中青旅,13.59,6.56,0.14,1.59,2026-09-28
600352,浙江龙盛,13.59,3.28,-1.22,1.71,2026-09-28
002312,川发龙蟒,13.59,4.62,0.0,1.23,2026-09-28
000766,通化金马,13.58,9.29,-0.07,1.98,2026-09-28
603916,苏博特,13.58,4.88,0.68,2.9,2026-09-28
688318,财富趋势,13.58,3.45,1.54,2.5,2026-09-28
603690,至纯科技,13.57,4.51,-0.43,3.21,2026-09-28
300131,英唐智控,13.57,11.36,0.0,3.21,2026-09-28
301115,联检科技,13.57,5.57,1.56,5.96,2026-09-28
301558,三态股份,13.57,1.85,0.0,2.96,2026-09-28
603010,万盛股份,13.56,4.31,-0.25,2.31,2026-09-28
688571,杭华股份,13.56,3.04,2.48,3.59,2026-09-28
300871,回盛生物,13.55,4.65,-0.39,1.88,2026-09-28
300349,金卡智能,13.54,9.91,1.09,2.97,2026-09-28
301629,矽电股份,13.53,4.12,1.0,5.29,2026-09-28
300945,曼卡龙,13.53,6.26,0.99,2.69,2026-09-28
688826,频准激光,13.52,12.43,-2.43,3.84,2026-09-28
000776,广发证券,13.51,3.46,-0.35,1.01,2026-09-28
688056,莱伯泰科,13.5,2.47,-6.9,8.81,2026-09-28
688661,和林微纳,13.5,4.15,2.99,5.91,2026-09-28
603619,中曼石油,13.5,9.03,-1.66,2.23,2026-09-28
300834,星辉环材,13.5,3.1,-0.96,2.69,2026-09-28
002241,歌尔股份,13.49,5.17,-0.65,1.81,2026-09-28
002430,杭氧股份,13.49,2.15,0.41,2.16,2026-09-28
000792,盐湖股份,13.49,4.53,1.6,2.12,2026-09-28
002903,宇环数控,13.48,7.48,-2.35,2.97,2026-09-28
688102,斯瑞新材,13.47,3.0,-0.95,2.58,2026-09-28
600783,鲁信创投,13.46,3.22,-0.88,2.37,2026-09-28
688182,灿勤科技,13.46,2.47,1.93,4.02,2026-09-28
000516,国际医学,13.46,5.03,0.23,1.64,2026-09-28
600863,华能蒙电,13.46,1.41,-1.27,2.32,2026-09-28
300872,天阳科技,13.45,11.04,1.75,3.77,2026-09-28
601020,华钰矿业,13.44,10.17,2.2,4.87,2026-09-28
301215,中汽股份,13.44,2.86,1.15,2.11,2026-09-28
600737,中粮糖业,13.44,5.68,-1.43,3.43,2026-09-28
600771,广誉远,13.42,8.39,-1.07,2.42,2026-09-28
002573,清新环境,13.41,3.92,0.65,1.62,2026-09-28
688176,亚虹医药,13.41,3.92,0.29,5.84,2026-09-28
688676,金盘科技,13.41,3.24,2.4,4.44,2026-09-28
688837,信诺维,13.41,7.99,-3.24,6.77,2026-09-28
301189,奥尼电子,13.39,3.51,-1.62,2.88,2026-09-28
601952,苏垦农发,13.39,1.74,-0.91,2.05,2026-09-28
000963,华东医药,13.38,2.4,-0.63,3.11,2026-09-28
603105,芯能科技,13.35,3.78,-1.23,3.91,2026-09-28
688276,百克生物,13.35,2.04,-1.46,2.87,2026-09-28
688687,凯因科技,13.34,5.94,-1.02,3.01,2026-09-28
300648,星云股份,13.34,10.59,0.88,2.9,2026-09-28
688307,中润光学,13.34,3.37,2.77,5.59,2026-09-28
688323,瑞华泰,13.33,5.36,-0.17,4.14,2026-09-28
688141,杰华特,13.33,3.02,2.25,4.29,2026-09-28
600764,中国海防,13.33,2.19,0.94,2.04,2026-09-28
300803,指南针,13.32,6.61,1.2,2.37,2026-09-28
002350,北京科锐,13.32,7.74,0.22,2.46,2026-09-28
603283,赛腾股份,13.32,6.87,0.07,2.42,2026-09-28
688818,电科蓝天,13.31,8.3,-1.72,2.87,2026-09-28
600789,鲁抗医药,13.29,5.98,-1.29,2.59,2026-09-28
002935,天奥电子,13.29,6.98,-0.82,3.23,2026-09-28
301256,华融化学,13.29,2.16,0.0,1.94,2026-09-28
000878,云南铜业,13.28,5.86,2.18,2.95,2026-09-28
600299,安迪苏,13.28,1.34,0.12,1.36,2026-09-28
688106,金宏气体,13.28,6.23,-0.63,2.16,2026-09-28
002025,航天电器,13.27,1.41,-0.67,2.04,2026-09-28
688425,铁建重工,13.27,2.46,0.51,1.02,2026-09-28
301289,国缆检测,13.26,1.51,-1.42,1.57,2026-09-28
002009,天奇股份,13.26,5.48,0.07,2.28,2026-09-28
600006,东风股份,13.24,2.97,-4.29,2.57,2026-09-28
600773,西藏城投,13.24,4.55,4.09,5.38,2026-09-28
000833,粤桂股份,13.23,5.86,-0.22,1.3,2026-09-28
688400,凌云光,13.23,3.48,2.68,4.2,2026-09-28
301285,鸿日达,13.22,3.82,0.21,2.3,2026-09-28
600585,海螺水泥,13.22,2.16,1.25,1.31,2026-09-28
301323,新莱福,13.21,3.1,-1.54,2.26,2026-09-28
300563,神宇股份,13.21,7.54,1.45,3.48,2026-09-28
000672,上峰材料,13.2,2.42,-0.41,2.45,2026-09-28
600662,外服控股,13.2,1.81,0.48,1.68,2026-09-28
601118,海南橡胶,13.2,3.06,-3.34,2.84,2026-09-28
688157,松井股份,13.2,3.79,2.61,3.75,2026-09-28
600184,光电股份,13.2,4.2,0.33,2.21,2026-09-28
002239,奥特佳,13.19,5.24,1.65,2.89,2026-09-28
600162,香江控股,13.19,2.66,-1.59,4.1,2026-09-28
300303,聚飞光电,13.19,11.74,-0.46,1.7,2026-09-28
688004,博汇科技,13.18,5.32,1.24,7.44,2026-09-28
300587,天铁科技,13.17,6.62,1.81,3.63,2026-09-28
600845,宝信软件,13.17,1.6,-1.11,2.33,2026-09-28
002803,吉宏股份,13.17,11.16,4.85,7.27,2026-09-28
300806,斯迪克,13.15,4.91,1.78,4.66,2026-09-28
300033,同花顺,13.15,6.59,0.84,1.26,2026-09-28
600503,华丽家族,13.14,6.05,0.82,6.53,2026-09-28
300613,富瀚微,13.14,2.93,0.59,3.5,2026-09-28
688018,乐鑫科技,13.14,2.37,0.08,3.22,2026-09-28
600104,上汽集团,13.13,2.3,-0.56,1.58,2026-09-28
688366,昊海生科,13.11,1.86,0.94,2.75,2026-09-28
000888,峨眉山Ａ,13.11,3.78,-0.66,1.2,2026-09-28
300979,华利集团,13.11,0.28,-0.5,1.73,2026-09-28
600619,海立股份,13.11,5.12,0.0,2.96,2026-09-28
300219,鸿利智汇,13.11,4.77,0.45,2.99,2026-09-28
300355,蒙草生态,13.1,8.62,1.85,2.21,2026-09-28
600667,太极实业,13.1,4.7,0.79,2.47,2026-09-28
002307,北新路桥,13.1,5.76,2.43,3.47,2026-09-28
300693,盛弘股份,13.09,4.43,0.5,2.43,2026-09-28
300049,福瑞医科,13.08,8.1,-0.59,3.66,2026-09-28
002415,海康威视,13.06,1.41,-0.16,1.31,2026-09-28
301529,福赛科技,13.05,8.14,3.41,6.8,2026-09-28
301316,慧博云通,13.04,7.37,4.34,8.05,2026-09-28
688802,沐曦股份,13.04,7.17,-0.29,2.35,2026-09-28
603335,迪生力,13.02,4.45,2.48,4.64,2026-09-28
300687,赛意信息,13.02,3.57,5.84,7.76,2026-09-28
300722,新余国科,13.01,2.62,-0.67,1.57,2026-09-28
600516,方大炭素,13.01,4.02,-0.38,1.32,2026-09-28
601200,上海环境,13.01,2.97,0.74,1.19,2026-09-28
600703,三安光电,13.0,6.97,-1.55,2.07,2026-09-28
002258,利尔化学,13.0,4.19,-0.72,2.51,2026-09-28
603167,渤海轮渡,12.98,2.46,0.13,0.75,2026-09-28
002320,海峡股份,12.96,1.91,-1.1,2.37,2026-09-28
300327,中颖电子,12.96,5.0,-0.32,2.92,2026-09-28
301392,汇成真空,12.93,6.88,-1.75,3.99,2026-09-28
300638,广和通,12.92,7.06,-0.75,2.4,2026-09-28
301047,义翘神州,12.92,2.43,-1.88,10.38,2026-09-28
000756,新华制药,12.92,3.22,-2.44,5.02,2026-09-28
301319,唯特偶,12.91,5.45,-0.58,2.88,2026-09-28
301280,珠城科技,12.9,6.36,0.55,2.85,2026-09-28
300738,奥飞数据,12.89,7.79,-0.11,1.87,2026-09-28
301059,金三江,12.88,1.27,-0.38,2.45,2026-09-28
002681,奋达科技,12.88,5.1,1.58,3.17,2026-09-28
301219,腾远钴业,12.86,5.32,1.11,1.47,2026-09-28
688549,中巨芯,12.86,2.62,-1.23,2.36,2026-09-28
000737,北方铜业,12.86,2.98,2.91,3.3,2026-09-28
601717,中创智领,12.86,6.9,-0.76,1.22,2026-09-28
600676,久事动娱,12.85,2.45,-0.45,3.29,2026-09-28
300267,尔康制药,12.85,6.57,0.62,3.43,2026-09-28
002957,科瑞技术,12.85,3.41,-2.44,2.58,2026-09-28
002008,大族激光,12.85,5.96,-0.29,2.04,2026-09-28
301236,软通动力,12.84,6.8,0.14,1.43,2026-09-28
688163,赛伦生物,12.83,7.78,-6.54,8.61,2026-09-28
300913,兆龙互连,12.82,3.37,0.61,3.52,2026-09-28
002029,七 匹 狼,12.81,5.82,1.13,6.09,2026-09-28
300674,宇信科技,12.81,7.05,0.95,1.77,2026-09-28
301004,嘉益股份,12.8,1.07,-4.68,7.76,2026-09-28
600645,中源协和,12.79,9.13,-0.16,3.2,2026-09-28
000713,国投丰乐,12.78,3.78,-0.82,1.8,2026-09-28
688726,拉普拉斯,12.78,8.38,-1.67,2.78,2026-09-28
603301,振德医疗,12.76,7.37,1.32,4.36,2026-09-28
300222,科大智能,12.76,6.49,0.63,1.77,2026-09-28
002768,国恩股份,12.75,4.97,1.15,4.87,2026-09-28
600416,湘电股份,12.75,6.69,0.62,1.23,2026-09-28
301106,骏成科技,12.75,3.06,1.28,2.84,2026-09-28
603806,福斯特,12.74,1.71,0.44,1.68,2026-09-28
603890,春秋电子,12.73,7.17,-0.07,2.01,2026-09-28
301261,恒工精密,12.73,3.29,-0.3,2.8,2026-09-28
300907,康平科技,12.73,2.5,-0.08,3.94,2026-09-28
301151,冠龙节能,12.72,1.38,1.54,3.12,2026-09-28
600261,阳光照明,12.71,4.1,-0.3,2.13,2026-09-28
688755,汉邦科技,12.7,3.25,-1.85,6.32,2026-09-28
688557,兰剑智能,12.7,3.04,1.26,2.46,2026-09-28
301682,宏明电子,12.69,9.48,0.65,3.93,2026-09-28
001248,华润新能源,12.69,7.16,-0.09,1.13,2026-09-28
600218,全柴动力,12.68,8.45,0.0,2.02,2026-09-28
600378,昊华科技,12.68,3.11,-0.41,2.5,2026-09-28
688286,敏芯股份,12.66,7.6,5.37,8.7,2026-09-28
688377,迪威尔,12.66,7.29,-0.59,3.61,2026-09-28
301020,密封科技,12.66,2.3,-2.03,2.61,2026-09-28
605123,派克新材,12.65,3.5,-0.95,2.38,2026-09-28
002384,东山精密,12.64,4.54,1.74,2.39,2026-09-28
300320,海达股份,12.63,7.99,0.37,2.22,2026-09-28
600621,华鑫股份,12.63,3.66,-0.44,2.0,2026-09-28
688693,锴威特,12.62,14.54,1.3,4.29,2026-09-28
000062,深圳华强,12.62,2.64,0.55,1.28,2026-09-28
002984,森麒麟,12.62,5.01,0.94,1.81,2026-09-28
000990,诚志股份,12.62,5.04,-0.33,1.14,2026-09-28
603135,中重科技,12.61,1.74,0.35,3.15,2026-09-28
603508,思维列控,12.59,2.28,-0.05,0.78,2026-09-28
601500,通用股份,12.59,5.0,1.05,1.84,2026-09-28
688531,日联科技,12.58,4.52,2.53,4.1,2026-09-28
688112,鼎阳科技,12.57,1.65,1.55,8.99,2026-09-28
688798,艾为电子,12.56,7.54,1.28,2.46,2026-09-28
000887,中鼎股份,12.55,6.07,-0.54,2.16,2026-09-28
688739,成大生物,12.54,3.37,-0.44,1.55,2026-09-28
603663,三祥新材,12.52,3.0,2.03,6.27,2026-09-28
603227,雪峰科技,12.51,2.89,-0.14,1.36,2026-09-28
001369,双欣材料,12.49,5.49,0.08,1.26,2026-09-28
300902,国安达,12.49,4.56,1.68,6.6,2026-09-28
688621,阳光诺和,12.49,4.06,-0.64,4.55,2026-09-28
688390,固德威,12.47,3.29,0.24,1.88,2026-09-28
600570,恒生电子,12.45,6.91,-0.51,1.54,2026-09-28
600033,福建高速,12.45,3.14,0.84,3.34,2026-09-28
601618,中国中冶,12.43,2.6,1.63,2.44,2026-09-28
301119,正强股份,12.43,2.99,-0.65,4.0,2026-09-28
002930,宏川智慧,12.41,4.44,0.22,1.66,2026-09-28
300031,宝通科技,12.41,10.29,0.75,2.1,2026-09-28
688278,特宝生物,12.41,4.9,-0.78,2.52,2026-09-28
300980,祥源新材,12.4,8.81,-0.35,2.31,2026-09-28
603120,肯特催化,12.4,6.02,-0.43,3.72,2026-09-28
301609,山大电力,12.39,3.17,-0.3,1.16,2026-09-28
301296,新巨丰,12.38,2.85,1.58,2.22,2026-09-28
600601,方正科技,12.38,2.97,6.6,9.32,2026-09-28
301118,恒光股份,12.38,2.69,0.39,2.34,2026-09-28
301042,安联锐视,12.38,12.09,1.4,3.66,2026-09-28
300503,昊志机电,12.38,5.53,-0.5,2.73,2026-09-28
688015,交控科技,12.38,3.3,0.72,1.86,2026-09-28
600528,中铁工业,12.37,3.8,0.45,1.04,2026-09-28
000750,国海证券,12.37,7.36,1.13,1.97,2026-09-28
600502,安徽建工,12.36,4.42,0.73,1.69,2026-09-28
600111,北方稀土,12.36,4.97,-0.45,1.66,2026-09-28
002206,海 利 得,12.35,3.86,0.21,1.24,2026-09-28
002876,三利谱,12.34,5.44,-0.67,2.95,2026-09-28
601137,博威合金,12.33,5.59,-0.05,2.4,2026-09-28
603416,信捷电气,12.32,3.47,1.49,2.44,2026-09-28
300884,狄耐克,12.31,4.62,0.08,2.43,2026-09-28
600255,鑫科材料,12.31,6.31,2.11,3.63,2026-09-28
603100,川仪股份,12.31,3.07,-0.87,1.84,2026-09-28
600653,申华控股,12.28,3.05,1.79,4.76,2026-09-28
301365,矩阵股份,12.26,3.53,-1.33,2.46,2026-09-28
688689,银河微电,12.25,4.02,1.14,4.22,2026-09-28
601216,君正集团,12.25,2.22,-0.45,1.35,2026-09-28
600292,电投水电,12.25,8.87,0.82,1.54,2026-09-28
300821,东岳硅材,12.25,2.95,-1.43,1.98,2026-09-28
600038,中直股份,12.24,5.24,-0.71,1.87,2026-09-28
688138,清溢光电,12.23,3.24,0.43,4.95,2026-09-28
002402,和而泰,12.23,9.82,0.0,1.57,2026-09-28
688378,奥来德,12.23,4.4,-2.95,4.21,2026-09-28
601117,中国化学,12.22,5.16,0.0,0.7,2026-09-28
688503,聚和材料,12.21,7.08,1.13,5.2,2026-09-28
300970,华绿生物,12.21,5.54,-0.47,3.29,2026-09-28
300115,长盈精密,12.2,6.25,-0.13,2.13,2026-09-28
603868,飞科电器,12.19,0.94,-0.78,2.52,2026-09-28
688105,诺唯赞,12.19,1.66,-1.2,6.59,2026-09-28
688797,臻宝科技,12.19,10.43,-0.22,2.88,2026-09-28
300034,钢研高纳,12.18,5.25,-0.97,1.69,2026-09-28
601005,重庆钢铁,12.18,1.78,0.84,2.52,2026-09-28
688381,帝奥微,12.15,5.23,1.46,5.33,2026-09-28
601012,隆基绿能,12.14,5.55,0.74,1.3,2026-09-28
300433,蓝思科技,12.13,3.44,-0.44,2.37,2026-09-28
688110,东芯股份,12.13,6.31,0.84,3.2,2026-09-28
000777,中核科技,12.12,5.07,0.37,1.12,2026-09-28
301339,通行宝,12.12,1.94,-0.32,4.84,2026-09-28
300348,长亮科技,12.11,6.69,1.31,2.61,2026-09-28
301630,同宇新材,12.1,6.26,1.63,3.42,2026-09-28
688333,铂力特,12.09,5.11,1.0,3.36,2026-09-28
300201,海伦哲,12.09,2.82,1.89,3.95,2026-09-28
002881,美格智能,12.06,3.47,-1.53,2.77,2026-09-28
600389,江山股份,12.04,4.59,-1.47,2.2,2026-09-28
600331,宏达股份,12.04,5.77,-0.94,2.38,2026-09-28
601566,九牧王,12.04,1.59,-0.33,2.41,2026-09-28
002374,中锐股份,12.02,3.43,0.92,3.36,2026-09-28
600284,浦东建设,12.02,6.31,1.59,2.39,2026-09-28
300993,玉马科技,12.01,7.59,1.03,2.98,2026-09-28
600664,哈药股份,12.01,3.03,-2.59,7.5,2026-09-28
000059,华锦股份,12.0,3.98,-2.67,3.38,2026-09-28
002340,格林美,12.0,6.67,0.83,1.5,2026-09-28
301196,唯科科技,11.98,7.45,2.68,5.68,2026-09-28
688128,中国电研,11.98,1.57,0.69,1.66,2026-09-28
603418,友升股份,11.98,4.13,-1.19,3.73,2026-09-28
603687,大胜达,11.98,2.61,1.13,4.1,2026-09-28
600711,盛屯矿业,11.97,6.35,1.28,2.36,2026-09-28
300373,扬杰科技,11.96,3.28,1.16,2.29,2026-09-28
688328,深科达,11.96,3.89,0.83,3.2,2026-09-28
301293,三博脑科,11.96,6.84,0.19,2.34,2026-09-28
002344,海宁皮城,11.94,5.86,1.27,2.78,2026-09-28
603357,设计总院,11.93,3.2,0.84,1.52,2026-09-28
300005,探路者,11.93,6.84,0.85,3.51,2026-09-28
301099,雅创电子,11.92,7.63,-3.9,5.61,2026-09-28
002033,丽江股份,11.92,4.39,-0.12,0.98,2026-09-28
000998,隆平高科,11.92,3.78,-0.59,1.3,2026-09-28
301025,读客文化,11.91,2.74,2.64,4.88,2026-09-28
002668,TCL智家,11.91,5.23,-1.03,1.14,2026-09-28
601888,中国中免,11.9,3.52,0.28,1.02,2026-09-28
300986,志特新材,11.9,5.57,1.0,2.63,2026-09-28
603893,瑞芯微,11.9,1.79,0.79,2.97,2026-09-28
001287,中电港,11.9,3.5,1.34,3.38,2026-09-28
000858,五 粮 液,11.89,2.14,-0.2,0.57,2026-09-28
600903,贵州燃气,11.89,2.52,1.24,2.8,2026-09-28
301211,亨迪药业,11.89,1.61,0.08,3.94,2026-09-28
301488,豪恩汽电,11.88,6.79,0.78,3.13,2026-09-28
601678,滨化股份,11.88,6.51,-1.05,1.58,2026-09-28
301517,陕西华达,11.88,5.88,-1.12,3.3,2026-09-28
603728,鸣志电器,11.88,1.35,0.42,2.89,2026-09-28
688322,奥比中光,11.87,4.37,-0.76,2.61,2026-09-28
002328,新朋股份,11.87,8.36,0.0,3.03,2026-09-28
601789,宁波建工,11.86,7.26,1.21,1.94,2026-09-28
301010,晶雪节能,11.85,2.45,1.23,4.11,2026-09-28
002645,华宏科技,11.85,5.07,0.76,2.87,2026-09-28
600862,中航高科,11.84,3.5,0.28,2.6,2026-09-28
002349,精华制药,11.83,4.0,-3.57,4.95,2026-09-28
002626,金达威,11.82,2.97,-0.37,1.25,2026-09-28
301216,万凯新材,11.82,6.2,-0.37,1.89,2026-09-28
300870,欧陆通,11.82,3.74,-0.4,3.25,2026-09-28
002698,博实股份,11.81,6.85,-0.9,1.71,2026-09-28
300322,硕贝德,11.81,8.48,0.73,3.8,2026-09-28
601116,三江购物,11.81,2.91,0.1,1.73,2026-09-28
002810,山东赫达,11.8,2.66,-1.52,2.55,2026-09-28
000554,泰山石油,11.8,11.68,-0.8,1.28,2026-09-28
688371,菲沃泰,11.79,1.66,-0.7,2.76,2026-09-28
688211,中科微至,11.79,1.63,-0.06,1.82,2026-09-28
300383,光环新网,11.79,6.88,-0.09,2.11,2026-09-28
301120,新特电气,11.78,6.24,1.7,3.11,2026-09-28
002204,大连重工,11.77,3.5,1.15,1.73,2026-09-28
601208,东材科技,11.76,5.1,-0.34,9.86,2026-09-28
603708,家家悦,11.76,1.39,0.23,1.69,2026-09-28
688212,澳华内镜,11.75,3.28,-0.82,3.71,2026-09-28
300397,天和防务,11.74,6.31,-0.35,2.93,2026-09-28
688393,安必平,11.74,3.73,0.36,4.69,2026-09-28
688835,高凯技术,11.73,4.32,-0.42,5.84,2026-09-28
688358,祥生医疗,11.73,2.69,0.35,2.99,2026-09-28
002101,广东鸿图,11.72,3.75,0.71,2.25,2026-09-28
688252,天德钰,11.71,2.68,0.38,2.16,2026-09-28
688668,鼎通科技,11.71,2.34,-1.2,3.38,2026-09-28
603867,新化股份,11.71,6.97,3.66,6.16,2026-09-28
300009,安科生物,11.7,5.49,-1.19,2.49,2026-09-28
002215,诺 普 信,11.69,6.9,-0.75,2.47,2026-09-28
688766,普冉股份,11.69,5.05,-0.44,3.23,2026-09-28
600388,紫金龙净,11.68,2.38,-2.17,3.87,2026-09-28
688489,三未信安,11.68,1.55,1.87,5.24,2026-09-28
688233,神工股份,11.67,4.54,-0.31,2.94,2026-09-28
002673,西部证券,11.67,4.89,0.92,1.68,2026-09-28
600598,北大荒,11.66,1.95,0.49,3.96,2026-09-28
688035,德邦科技,11.66,4.24,-1.62,5.22,2026-09-28
688708,佳驰科技,11.65,3.99,0.58,1.81,2026-09-28
688023,安恒信息,11.65,6.71,-1.12,6.06,2026-09-28
300454,深信服,11.64,2.72,0.95,5.26,2026-09-28
688629,华丰科技,11.64,3.34,-1.62,3.23,2026-09-28
688639,华恒生物,11.63,4.91,0.4,3.96,2026-09-28
300136,信维通信,11.63,9.74,-0.28,1.97,2026-09-28
002234,民和股份,11.62,4.69,1.54,2.69,2026-09-28
688357,建龙微纳,11.61,3.87,0.75,2.59,2026-09-28
301360,荣旗科技,11.61,6.24,-1.82,3.79,2026-09-28
600586,金晶科技,11.61,4.04,1.02,2.3,2026-09-28
603407,长裕集团,11.6,9.82,-3.29,6.2,2026-09-28
600379,宝光股份,11.6,3.15,0.35,3.75,2026-09-28
605589,圣泉集团,11.59,4.44,0.03,4.16,2026-09-28
002445,中南文化,11.58,5.25,0.65,1.3,2026-09-28
002035,华帝股份,11.58,4.88,0.21,2.5,2026-09-28
688065,凯赛生物,11.58,3.77,0.13,1.52,2026-09-28
301069,凯盛新材,11.58,7.32,0.85,2.41,2026-09-28
603185,弘元绿能,11.56,4.57,0.88,1.68,2026-09-28
002449,国星光电,11.55,7.11,0.93,2.01,2026-09-28
600600,青岛啤酒,11.55,1.61,-0.36,0.74,2026-09-28
301297,富乐德,11.55,2.22,-1.66,3.22,2026-09-28
688636,智明达,11.55,5.57,1.9,4.79,2026-09-28
603800,洪田股份,11.55,3.69,-0.13,2.46,2026-09-28
688575,亚辉龙,11.54,4.99,0.1,3.11,2026-09-28
688225,亚信安全,11.54,2.28,4.09,7.93,2026-09-28
000089,深圳机场,11.54,4.86,0.46,1.52,2026-09-28
600851,海欣股份,11.53,5.82,0.0,2.28,2026-09-28
002138,顺络电子,11.53,3.68,2.07,4.11,2026-09-28
300008,天海防务,11.53,5.6,0.65,2.1,2026-09-28
600505,西昌电力,11.53,2.5,-0.77,2.41,2026-09-28
688433,华曙高科,11.52,2.16,-0.44,3.41,2026-09-28
002534,西子洁能,11.51,1.89,1.98,4.01,2026-09-28
603383,顶点软件,11.5,4.17,0.83,1.92,2026-09-28
300726,宏达电子,11.5,4.98,1.22,4.24,2026-09-28
000915,华特达因,11.49,4.17,0.04,1.4,2026-09-28
000612,焦作万方,11.49,7.0,4.32,5.1,2026-09-28
688115,思林杰,11.49,3.26,3.18,5.19,2026-09-28
600777,新潮能源,11.49,0.56,-0.5,1.0,2026-09-28
688543,国科军工,11.48,4.9,-0.67,2.64,2026-09-28
301157,华塑科技,11.48,5.84,0.44,2.9,2026-09-28
688010,福光股份,11.48,4.98,1.13,6.19,2026-09-28
603986,兆易创新,11.47,6.74,2.53,3.07,2026-09-28
600345,长江通信,11.47,6.53,0.77,4.03,2026-09-28
600637,东方明珠,11.46,3.75,1.62,2.77,2026-09-28
300696,爱乐达,11.46,5.58,4.58,6.17,2026-09-28
688301,奕瑞科技,11.46,1.81,-1.47,3.21,2026-09-28
301072,中捷精工,11.45,2.43,-0.29,4.31,2026-09-28
600843,上工申贝,11.45,4.17,-2.04,3.95,2026-09-28
000728,国元证券,11.44,6.16,0.28,1.39,2026-09-28
688635,长进光子,11.42,11.66,4.78,7.55,2026-09-28
000875,电投绿能,11.42,8.95,0.88,2.19,2026-09-28
002978,安宁股份,11.42,2.77,1.52,2.51,2026-09-28
301195,北路智控,11.41,2.9,0.48,1.9,2026-09-28
301468,博盈特焊,11.41,10.17,-0.84,2.18,2026-09-28
002690,美亚光电,11.4,2.02,-0.45,2.27,2026-09-28
002373,千方科技,11.4,6.31,1.52,2.2,2026-09-28
688698,伟创电气,11.4,3.09,-0.21,2.86,2026-09-28
002030,达安基因,11.39,3.33,0.36,2.67,2026-09-28
300773,拉卡拉,11.39,6.89,0.63,1.53,2026-09-28
300414,中光防雷,11.38,3.87,0.95,3.03,2026-09-28
603194,中力股份,11.37,4.91,-0.55,1.49,2026-09-28
688160,步科股份,11.37,2.51,1.06,3.69,2026-09-28
300183,东软载波,11.36,5.06,1.96,3.72,2026-09-28
688187,时代电气,11.36,2.54,1.19,2.26,2026-09-28
601066,中信建投,11.35,1.35,-0.09,1.39,2026-09-28
301689,电科思仪,11.34,4.35,-8.92,8.18,2026-09-28
300569,天能重工,11.32,6.69,-2.55,5.09,2026-09-28
300975,商络电子,11.31,7.11,0.79,2.76,2026-09-28
601966,玲珑轮胎,11.31,3.22,0.29,1.16,2026-09-28
603039,泛微网络,11.3,5.37,0.23,2.87,2026-09-28
603628,清源股份,11.3,4.28,-1.34,2.1,2026-09-28
600787,中储股份,11.3,5.29,0.88,1.55,2026-09-28
688408,中信博,11.3,6.14,0.85,2.28,2026-09-28
000501,武商集团,11.3,7.46,1.29,2.3,2026-09-28
301018,申菱环境,11.28,4.28,-0.26,2.43,2026-09-28
301311,昆船智能,11.28,2.43,3.83,9.02,2026-09-28
600029,南方航空,11.28,1.03,0.41,0.83,2026-09-28
600495,晋西车轴,11.27,4.47,0.49,1.98,2026-09-28
600919,江苏银行,11.25,1.79,-0.49,1.39,2026-09-28
301565,中仑新材,11.24,6.64,0.31,2.28,2026-09-28
603319,美湖股份,11.24,11.42,-1.35,3.16,2026-09-28
688026,洁特生物,11.23,2.97,-2.77,5.63,2026-09-28
600230,沧州大化,11.23,4.62,-2.8,3.1,2026-09-28
603392,万泰生物,11.23,1.89,-0.79,2.59,2026-09-28
300042,朗科科技,11.23,7.71,0.14,2.96,2026-09-28
688800,瑞可达,11.22,4.85,2.24,4.57,2026-09-28
688568,中科星图,11.22,3.26,1.28,1.94,2026-09-28
301202,朗威股份,11.22,2.86,1.21,2.95,2026-09-28
300142,沃森生物,11.22,7.21,-0.81,3.75,2026-09-28
002517,恺英网络,11.22,5.56,1.21,2.1,2026-09-28
600021,上海电力,11.22,2.65,0.08,1.1,2026-09-28
002093,国脉科技,11.21,2.92,-2.21,1.96,2026-09-28
688158,优刻得,11.21,8.01,0.74,2.47,2026-09-28
603858,步长制药,11.21,3.43,-0.07,1.17,2026-09-28
688077,大地熊,11.21,4.54,1.28,4.37,2026-09-28
688047,龙芯中科,11.2,2.91,0.29,2.64,2026-09-28
600135,乐凯胶片,11.2,5.05,1.75,2.97,2026-09-28
601601,中国太保,11.2,1.35,-0.33,1.8,2026-09-28
600501,航天晨光,11.19,4.59,-0.41,2.82,2026-09-28
601577,长沙银行,11.19,2.34,1.04,1.98,2026-09-28
301050,雷电微力,11.18,8.44,-0.15,1.37,2026-09-28
600559,老白干酒,11.17,3.93,0.0,0.93,2026-09-28
601326,秦港股份,11.17,0.58,0.86,1.72,2026-09-28
600166,福田汽车,11.15,2.4,0.36,1.82,2026-09-28
600418,江淮汽车,11.14,9.56,3.25,9.4,2026-09-28
600155,华创云信,11.14,9.51,1.89,2.58,2026-09-28
688432,有研硅,11.13,1.52,-7.51,8.37,2026-09-28
601963,重庆银行,11.13,0.09,-0.45,1.63,2026-09-28
688048,长光华芯,11.13,4.93,2.45,5.04,2026-09-28
002242,九阳股份,11.13,1.64,9.97,4.55,2026-09-28
600390,五矿资本,11.12,4.79,0.21,1.46,2026-09-28
301486,致尚科技,11.12,5.47,4.34,7.93,2026-09-28
000977,浪潮信息,11.11,4.47,0.19,2.15,2026-09-28
600025,华能水电,11.11,0.95,-0.91,1.82,2026-09-28
600698,湖南天雁,11.1,1.28,-1.72,4.01,2026-09-28
300475,香农芯创,11.1,6.5,0.31,2.5,2026-09-28
603113,金能科技,11.1,5.22,1.04,2.28,2026-09-28
300748,金力永磁,11.1,3.8,-0.46,1.24,2026-09-28
300952,恒辉安防,11.1,6.18,-1.31,3.33,2026-09-28
603381,永臻股份,11.08,4.39,1.16,2.6,2026-09-28
603070,万控智造,11.08,1.92,0.53,2.57,2026-09-28
002364,中恒电气,11.08,4.27,0.58,3.16,2026-09-28
002556,辉隆股份,11.08,5.39,-0.59,1.38,2026-09-28
603387,基蛋生物,11.08,3.7,-1.01,2.32,2026-09-28
301021,英诺激光,11.08,5.6,-1.06,3.87,2026-09-28
603229,奥翔药业,11.07,3.86,-0.37,2.45,2026-09-28
603686,福龙马,11.07,6.2,-2.09,2.58,2026-09-28
301606,绿联科技,11.07,2.72,1.48,2.9,2026-09-28
601133,柏诚股份,11.06,1.86,-1.1,2.54,2026-09-28
603341,龙旗科技,11.06,8.95,-0.84,2.55,2026-09-28
301362,民爆光电,11.06,5.48,0.06,2.98,2026-09-28
688737,中自科技,11.05,10.14,0.59,2.59,2026-09-28
600685,中船防务,11.05,2.91,0.6,2.48,2026-09-28
600850,电科数字,11.04,6.89,1.11,1.85,2026-09-28
688178,万德斯,11.04,3.13,-0.07,1.89,2026-09-28
301089,拓新药业,11.04,5.13,-0.98,2.7,2026-09-28
301566,达利凯普,11.04,8.69,1.19,4.07,2026-09-28
601166,兴业银行,11.04,2.33,0.11,0.9,2026-09-28
601138,工业富联,11.04,0.62,-0.85,2.19,2026-09-28
300639,凯普生物,11.03,2.07,-1.43,2.38,2026-09-28
002440,闰土股份,11.02,3.1,-1.59,2.35,2026-09-28
688399,硕世生物,11.02,6.41,-0.74,3.22,2026-09-28
002841,视源股份,11.01,0.91,0.86,3.58,2026-09-28
002937,兴瑞科技,11.01,9.71,-3.86,6.68,2026-09-28
600775,南京熊猫,11.01,4.61,0.22,2.7,2026-09-28
300602,飞荣达,11.0,4.61,1.71,4.32,2026-09-28
603160,汇顶科技,11.0,3.64,0.63,1.99,2026-09-28
688807,优迅股份,11.0,12.04,3.98,6.44,2026-09-28
000928,中钢国际,11.0,3.87,0.76,1.52,2026-09-28
301201,诚达药业,10.99,7.05,-0.31,4.01,2026-09-28
600547,山东黄金,10.99,2.56,1.26,4.97,2026-09-28
688529,豪森智能,10.99,4.67,-0.33,3.31,2026-09-28
600335,国机汽车,10.98,3.07,0.77,2.13,2026-09-28
601168,西部矿业,10.98,2.73,4.15,5.18,2026-09-28
688653,康希通信,10.98,4.75,-0.47,3.19,2026-09-28
603507,振江股份,10.97,9.48,1.77,6.23,2026-09-28
688428,诺诚健华,10.96,5.24,0.87,6.36,2026-09-28
688589,力合微,10.96,6.66,1.63,3.06,2026-09-28
688484,南芯科技,10.96,2.61,0.18,2.05,2026-09-28
601555,东吴证券,10.96,5.99,0.74,1.61,2026-09-28
300990,同飞股份,10.95,3.48,-0.7,3.46,2026-09-28
300129,泰胜风能,10.94,12.04,1.09,4.23,2026-09-28
002925,盈趣科技,10.93,2.76,1.72,3.25,2026-09-28
000688,国城矿业,10.93,1.6,1.0,1.88,2026-09-28
000790,华神科技,10.92,8.52,0.45,6.79,2026-09-28
000758,中色股份,10.9,4.77,1.42,2.13,2026-09-28
688511,天微电子,10.9,1.91,-0.13,3.33,2026-09-28
301136,招标股份,10.89,2.48,-3.14,5.41,2026-09-28
301127,武汉天源,10.89,6.87,2.86,5.98,2026-09-28
300700,岱勒新材,10.88,6.78,1.78,5.23,2026-09-28
600704,物产中大,10.87,6.32,0.84,1.69,2026-09-28
301398,星源卓镁,10.87,1.67,1.21,4.21,2026-09-28
301234,五洲医疗,10.87,4.39,4.84,9.09,2026-09-28
601668,中国建筑,10.86,2.69,1.18,1.9,2026-09-28
002625,光启技术,10.86,9.6,1.91,6.19,2026-09-28
688795,摩尔线程,10.86,7.32,0.15,3.18,2026-09-28
603696,安记食品,10.86,2.28,-2.38,3.5,2026-09-28
000709,河钢股份,10.85,3.72,0.5,2.01,2026-09-28
300296,利亚德,10.85,8.85,0.0,1.91,2026-09-28
000589,贵州轮胎,10.83,5.83,0.48,0.96,2026-09-28
601099,太平洋,10.83,8.02,0.87,2.33,2026-09-28
002023,海特高新,10.83,7.95,0.64,1.81,2026-09-28
600113,浙江东日,10.83,7.76,-1.21,2.66,2026-09-28
688599,天合光能,10.82,4.72,1.12,2.06,2026-09-28
688306,均普智能,10.82,2.2,0.61,3.65,2026-09-28
688385,复旦微电,10.82,3.48,1.0,2.65,2026-09-28
002484,江海股份,10.82,2.78,1.3,5.37,2026-09-28
300244,迪安诊断,10.82,5.73,-0.79,3.78,2026-09-28
603799,华友钴业,10.82,7.8,-0.32,1.38,2026-09-28
000960,锡业股份,10.81,4.13,0.86,2.74,2026-09-28
688143,长盈通,10.79,4.06,9.2,13.5,2026-09-28
688411,海博思创,10.79,4.45,-0.13,2.05,2026-09-28
688310,迈得医疗,10.78,1.76,0.97,3.88,2026-09-28
301665,泰禾股份,10.78,2.89,0.65,1.57,2026-09-28
000690,宝新能源,10.77,5.83,-0.96,2.5,2026-09-28
603660,苏州科达,10.75,8.22,0.32,5.93,2026-09-28
688152,麒麟信安,10.74,2.62,5.04,10.16,2026-09-28
300618,寒锐钴业,10.74,8.16,0.66,1.79,2026-09-28
000417,合百集团,10.73,9.86,-0.7,2.11,2026-09-28
600761,安徽合力,10.73,2.66,-0.88,1.89,2026-09-28
600480,凌云股份,10.73,5.02,0.26,1.44,2026-09-28
601065,江盐集团,10.72,3.99,0.3,0.91,2026-09-28
603323,苏农银行,10.72,8.75,0.0,1.35,2026-09-28
688595,芯海科技,10.7,4.55,1.19,3.23,2026-09-28
603348,文灿股份,10.7,3.96,-0.48,1.65,2026-09-28
300595,欧普康视,10.69,6.96,-0.3,1.6,2026-09-28
300607,拓斯达,10.68,5.35,0.07,2.25,2026-09-28
688535,华海诚科,10.68,6.11,0.14,3.39,2026-09-28
000823,超声电子,10.67,6.15,10.01,9.38,2026-09-28
688372,伟测科技,10.67,4.54,-1.48,3.76,2026-09-28
600354,敦煌种业,10.66,4.74,0.0,3.91,2026-09-28
002867,周大生,10.66,1.29,0.1,1.1,2026-09-28
003040,楚天龙,10.65,3.56,1.07,2.78,2026-09-28
601838,成都银行,10.65,0.89,-0.84,1.47,2026-09-28
000876,新 希 望,10.64,2.18,1.03,1.76,2026-09-28
688765,禾元生物,10.63,7.72,-2.06,4.04,2026-09-28
000563,陕国投Ａ,10.63,4.36,0.35,1.04,2026-09-28
300157,新锦动力,10.62,5.27,0.0,1.94,2026-09-28
600617,国新能源,10.62,1.8,0.31,2.76,2026-09-28
688699,明微电子,10.61,2.53,3.42,7.4,2026-09-28
300782,卓胜微,10.61,4.91,-0.24,1.88,2026-09-28
600022,山东钢铁,10.6,2.15,2.36,3.15,2026-09-28
002885,京泉华,10.6,4.12,0.95,3.77,2026-09-28
600633,浙数文化,10.6,4.71,1.61,2.41,2026-09-28
600206,有研新材,10.59,3.15,-3.74,9.76,2026-09-28
301076,新瀚新材,10.59,5.83,0.63,2.49,2026-09-28
002032,苏 泊 尔,10.59,0.25,-0.38,1.31,2026-09-28
002034,旺能环境,10.58,4.31,0.94,2.17,2026-09-28
002891,中宠股份,10.58,3.5,-1.76,2.45,2026-09-28
002285,世联行,10.58,3.6,-1.53,11.35,2026-09-28
300018,中元股份,10.57,8.94,2.27,4.1,2026-09-28
600179,安通控股,10.57,3.59,-0.91,1.82,2026-09-28
688159,有方科技,10.57,7.75,5.09,6.93,2026-09-28
688584,上海合晶,10.56,3.09,-0.25,3.63,2026-09-28
002672,东江环保,10.55,2.9,0.27,5.45,2026-09-28
600826,兰生股份,10.55,3.09,-0.13,2.0,2026-09-28
001232,嘉立创,10.54,12.44,-1.46,4.34,2026-09-28
603638,艾迪精密,10.54,2.77,2.34,4.43,2026-09-28
600366,宁波韵升,10.53,4.34,0.65,1.5,2026-09-28
600968,海油发展,10.53,0.57,1.3,2.07,2026-09-28
600866,星湖科技,10.52,7.66,0.25,1.47,2026-09-28
300455,航天智装,10.52,3.76,0.24,2.14,2026-09-28
601860,紫金银行,10.52,4.57,1.2,2.39,2026-09-28
688626,翔宇医疗,10.52,2.85,-0.64,4.32,2026-09-28
688825,长鑫科技,10.52,3.67,3.25,3.9,2026-09-28
300153,科泰电源,10.51,2.96,-1.41,2.75,2026-09-28
301058,中粮科工,10.5,4.34,1.19,2.5,2026-09-28
301550,斯菱智驱,10.5,4.61,2.87,7.64,2026-09-28
000536,华映科技,10.5,2.82,-0.29,2.95,2026-09-28
688787,海天瑞声,10.5,6.38,1.55,3.41,2026-09-28
688590,新致软件,10.49,4.33,1.25,3.5,2026-09-28
002831,裕同科技,10.48,2.39,1.2,3.27,2026-09-28
688185,康希诺,10.48,3.55,-1.12,6.12,2026-09-28
603888,新华网,10.47,2.56,1.77,3.18,2026-09-28
688692,XD达梦数,10.46,5.41,-2.57,3.65,2026-09-28
002037,保利联合,10.45,3.13,0.45,2.09,2026-09-28
603310,巍华新材,10.45,3.4,0.69,2.36,2026-09-28
000050,深天马Ａ,10.45,3.19,0.48,1.92,2026-09-28
002859,洁美科技,10.44,3.09,-0.33,2.58,2026-09-28
688249,晶合集成,10.44,1.67,2.62,5.21,2026-09-28
688728,格科微,10.42,1.16,1.74,3.11,2026-09-28
688315,诺禾致源,10.42,2.66,-5.78,7.18,2026-09-28
688459,哈铁科技,10.42,1.89,0.85,1.95,2026-09-28
600461,洪城环境,10.41,0.56,0.34,0.69,2026-09-28
600216,浙江医药,10.41,5.59,-1.06,1.79,2026-09-28
601136,首创证券,10.41,1.93,0.72,1.59,2026-09-28
002091,江苏国泰,10.4,2.77,-0.4,1.2,2026-09-28
688191,智洋创新,10.4,6.35,0.15,2.5,2026-09-28
301028,鼎熔岩,10.39,3.23,0.92,3.45,2026-09-28
002290,禾盛新材,10.39,2.36,0.43,5.13,2026-09-28
002646,天佑德酒,10.39,6.02,-0.28,2.26,2026-09-28
001324,长青科技,10.39,3.06,2.24,5.49,2026-09-28
000564,供销大集,10.38,1.85,0.69,2.78,2026-09-28
002194,武汉凡谷,10.38,6.05,-0.2,1.8,2026-09-28
688522,纳睿雷达,10.37,9.02,-0.22,1.56,2026-09-28
301536,星宸科技,10.37,4.13,0.88,5.1,2026-09-28
603881,数据港,10.37,3.78,-0.39,1.17,2026-09-28
600511,国药股份,10.36,2.58,-0.19,0.97,2026-09-28
688783,西安奕材,10.36,7.31,-0.11,3.7,2026-09-28
688025,杰普特,10.35,2.42,4.28,7.27,2026-09-28
300623,捷捷微电,10.35,3.29,-0.61,3.21,2026-09-28
002458,益生股份,10.35,5.98,-0.86,1.48,2026-09-28
301205,联特科技,10.35,7.92,-1.24,3.67,2026-09-28
688733,壹石通,10.34,5.26,3.57,5.41,2026-09-28
603330,天洋新材,10.34,3.89,-0.74,4.04,2026-09-28
600288,大恒科技,10.34,8.38,0.96,2.88,2026-09-28
600800,渤海化学,10.32,4.91,1.27,2.85,2026-09-28
002548,金新农,10.32,6.07,1.55,4.66,2026-09-28
300257,开山股份,10.31,4.14,-0.17,2.86,2026-09-28
301102,兆讯传媒,10.31,1.68,0.95,2.75,2026-09-28
000933,神火股份,10.3,3.76,3.78,5.29,2026-09-28
603329,上海雅仕,10.3,5.18,0.98,3.42,2026-09-28
603124,江南新材,10.3,4.22,1.31,6.96,2026-09-28
000636,风华高科,10.29,5.61,1.57,3.73,2026-09-28
300820,英杰电气,10.29,2.52,-0.9,2.95,2026-09-28
603989,艾华集团,10.28,2.23,-0.14,4.07,2026-09-28
300502,新易盛,10.28,4.03,-1.7,2.66,2026-09-28
600782,新钢股份,10.27,2.95,1.53,2.29,2026-09-28
688620,安凯微,10.26,2.49,-0.24,4.16,2026-09-28
600517,国网英大,10.26,1.75,1.25,2.3,2026-09-28
002465,海格通信,10.26,4.88,0.0,1.7,2026-09-28
600651,飞乐音响,10.25,2.51,-1.58,2.37,2026-09-28
605358,立昂微,10.25,4.48,1.01,4.58,2026-09-28
002851,麦格米特,10.25,5.6,2.69,4.92,2026-09-28
301328,维峰电子,10.25,4.42,0.75,4.37,2026-09-28
300067,安诺其,10.24,7.83,1.94,4.27,2026-09-28
002628,成都路桥,10.24,5.8,0.0,2.26,2026-09-28
000151,中成股份,10.24,7.66,-0.79,4.04,2026-09-28
300403,汉宇集团,10.23,8.84,-0.23,2.18,2026-09-28
000768,中航西飞,10.23,3.2,-1.83,3.93,2026-09-28
300898,熊猫乳品,10.21,3.85,-0.64,2.67,2026-09-28
002135,东南网架,10.2,4.26,1.19,3.41,2026-09-28
601636,旗滨集团,10.2,3.27,-0.94,2.43,2026-09-28
002048,宁波华翔,10.2,8.77,-0.39,3.25,2026-09-28
300463,迈克生物,10.19,5.16,0.32,1.94,2026-09-28
603599,广信股份,10.19,5.36,-0.88,1.96,2026-09-28
300895,铜牛信息,10.19,8.37,-1.08,4.23,2026-09-28
600630,龙头股份,10.18,4.86,-2.9,6.05,2026-09-28
301666,大普微-UW,10.17,14.13,-1.3,2.74,2026-09-28
688265,南模生物,10.16,1.7,-0.73,6.92,2026-09-28
000931,中 关 村,10.16,4.63,0.0,2.88,2026-09-28
300718,长盛轴承,10.16,5.27,-3.33,3.5,2026-09-28
603609,禾丰股份,10.15,3.76,0.64,1.61,2026-09-28
601187,厦门银行,10.15,0.21,0.29,1.03,2026-09-28
600812,华北制药,10.15,2.71,-1.22,2.65,2026-09-28
603375,盛景微,10.14,6.62,-4.36,5.1,2026-09-28
600362,江西铜业,10.14,2.95,2.0,2.69,2026-09-28
300401,花园生物,10.14,7.37,0.59,5.51,2026-09-28
601390,中国中铁,10.13,3.23,0.71,1.42,2026-09-28
688591,泰凌微,10.13,5.0,0.52,3.0,2026-09-28
300217,东方电热,10.13,8.53,0.51,1.52,2026-09-28
601229,上海银行,10.13,0.46,0.42,1.26,2026-09-28
688530,欧莱新材,10.13,6.78,-0.84,2.7,2026-09-28
002393,力生制药,10.12,3.86,0.14,1.73,2026-09-28
001286,陕西能源,10.12,4.17,-0.74,1.69,2026-09-28
000156,华数传媒,10.11,3.31,2.62,3.05,2026-09-28
300996,普联软件,10.11,5.17,1.24,3.32,2026-09-28
002405,四维图新,10.1,7.61,0.34,1.7,2026-09-28
002929,润建股份,10.09,4.73,-0.65,2.35,2026-09-28
301013,利和兴,10.09,7.72,-1.56,2.52,2026-09-28
002568,百润股份,10.08,1.86,-2.58,2.83,2026-09-28
688820,盛合晶微,10.08,8.77,-0.05,2.32,2026-09-28
601698,中国卫通,10.06,1.44,-1.43,2.21,2026-09-28
688311,盟升电子,10.06,5.42,2.63,3.95,2026-09-28
300339,润和软件,10.06,7.84,0.45,1.25,2026-09-28
688003,天准科技,10.06,2.47,-0.31,2.34,2026-09-28
603296,华勤技术,10.06,2.07,0.68,1.59,2026-09-28
603960,克来机电,10.05,6.22,0.0,4.12,2026-09-28
300981,中红医疗,10.05,1.94,-3.61,6.68,2026-09-28
600373,中文传媒,10.04,2.55,2.45,3.53,2026-09-28
688247,宣泰医药,10.04,2.02,-0.8,6.33,2026-09-28
300070,碧水源,10.04,6.3,1.5,2.4,2026-09-28
603055,台华新材,10.03,1.1,-1.09,3.06,2026-09-28
000650,仁和药业,10.02,4.55,0.0,1.36,2026-09-28
603138,海量数据,10.01,4.15,-1.95,4.03,2026-09-28
688502,茂莱光学,10.01,2.18,1.54,5.58,2026-09-28
300492,华图山鼎,10.01,3.5,-0.15,3.15,2026-09-28
600332,白云山,9.99,3.48,-0.26,0.67,2026-09-28
002664,信质集团,9.99,4.29,-0.21,2.3,2026-09-28
002783,凯龙股份,9.99,9.58,0.37,1.75,2026-09-28
688352,颀中科技,9.99,7.51,3.17,6.4,2026-09-28
688226,威腾电气,9.99,10.39,5.91,10.0,2026-09-28
300233,金城医药,9.99,6.07,0.23,3.11,2026-09-28
600490,鹏欣资源,9.99,8.17,2.92,4.45,2026-09-28
300323,华灿光电,9.98,13.52,-0.64,3.2,2026-09-28
600186,莲花控股,9.97,8.26,-3.74,4.83,2026-09-28
002782,可立克,9.97,2.54,1.49,2.62,2026-09-28
688663,新风光,9.97,6.05,2.94,4.93,2026-09-28
002838,道恩股份,9.97,4.39,-1.43,3.02,2026-09-28
002843,泰嘉股份,9.96,4.58,0.34,3.03,2026-09-28
000859,国风新材,9.96,5.41,-0.69,1.84,2026-09-28
301176,逸豪新材,9.96,2.15,3.21,7.7,2026-09-28
688223,晶科能源,9.96,3.36,1.63,2.72,2026-09-28
600895,张江高科,9.96,5.35,1.57,2.05,2026-09-28
688631,莱斯信息,9.94,4.5,0.99,2.15,2026-09-28
688416,恒烁股份,9.94,6.58,3.26,5.93,2026-09-28
301658,首航新能,9.94,3.72,0.79,2.75,2026-09-28
300942,易瑞生物,9.94,2.37,0.92,3.07,2026-09-28
600483,福能股份,9.93,1.07,-1.55,4.09,2026-09-28
688478,晶升股份,9.93,2.93,0.0,4.66,2026-09-28
600549,XD厦门钨,9.92,3.63,0.57,2.25,2026-09-28
002913,奥士康,9.92,2.07,10.0,10.1,2026-09-28
600876,凯盛新能,9.92,2.13,1.48,3.1,2026-09-28
002115,三维通信,9.92,6.35,-1.26,1.78,2026-09-28
600372,中航机载,9.92,2.84,-0.8,1.87,2026-09-28
002142,宁波银行,9.92,0.92,0.75,1.59,2026-09-28
603083,剑桥科技,9.92,6.53,1.89,5.42,2026-09-28
600217,中再资环,9.92,5.08,1.24,2.48,2026-09-28
002100,天康生物,9.91,2.22,0.13,2.16,2026-09-28
600929,雪天盐业,9.91,2.83,0.84,2.53,2026-09-28
688553,汇宇制药,9.91,3.36,0.66,4.96,2026-09-28
601022,宁波远洋,9.9,1.32,-1.08,2.04,2026-09-28
300469,信息发展,9.9,10.8,6.91,8.31,2026-09-28
688179,阿拉丁,9.9,4.33,-1.66,5.62,2026-09-28
301479,弘景光电,9.89,4.09,1.6,3.71,2026-09-28
600597,光明乳业,9.89,2.42,0.44,1.03,2026-09-28
000935,四川双马,9.88,7.32,-0.31,2.44,2026-09-28
600595,中孚实业,9.88,2.5,4.01,4.18,2026-09-28
601858,中国科传,9.87,2.32,2.12,4.02,2026-09-28
688362,甬矽电子,9.87,4.34,0.0,3.1,2026-09-28
603118,共进股份,9.87,4.0,-1.15,2.37,2026-09-28
002958,青农商行,9.87,5.1,1.04,1.74,2026-09-28
002222,福晶科技,9.86,4.8,0.7,3.35,2026-09-28
600326,西藏天路,9.86,4.98,-0.6,1.5,2026-09-28
000521,长虹美菱,9.85,6.35,0.23,1.4,2026-09-28
688506,百利天恒,9.85,0.34,-1.47,4.28,2026-09-28
000021,深科技,9.85,5.16,0.33,1.93,2026-09-28
002246,北化股份,9.84,4.04,0.56,5.17,2026-09-28
600590,泰豪科技,9.84,3.4,0.37,1.73,2026-09-28
600682,南京新百,9.84,3.57,0.17,2.79,2026-09-28
300310,宜通世纪,9.84,6.55,2.86,4.52,2026-09-28
603698,航天工程,9.84,2.41,-1.33,2.26,2026-09-28
300468,四方精创,9.84,8.54,-0.14,1.3,2026-09-28
301389,隆扬电子,9.83,2.86,1.96,5.14,2026-09-28
300224,正海磁材,9.83,4.24,1.12,2.84,2026-09-28
600736,苏州高新,9.83,6.3,2.67,3.3,2026-09-28
300763,锦浪科技,9.83,5.01,0.71,2.07,2026-09-28
688055,龙腾光电,9.83,0.77,1.39,3.33,2026-09-28
001301,尚太科技,9.82,0.63,-1.5,3.18,2026-09-28
002543,万和电气,9.81,1.77,0.41,2.44,2026-09-28
002346,柘中股份,9.81,3.6,-0.39,2.28,2026-09-28
603077,和邦生物,9.8,3.15,0.93,1.85,2026-09-28
301583,托伦斯,9.8,7.51,-5.11,9.28,2026-09-28
600035,楚天高速,9.8,1.43,0.82,1.64,2026-09-28
605376,博迁新材,9.8,3.42,-1.18,2.5,2026-09-28
301656,联合动力,9.8,3.24,-0.87,2.39,2026-09-28
601107,四川成渝,9.79,0.25,0.67,2.33,2026-09-28
600050,中国联通,9.79,2.04,0.97,1.94,2026-09-28
300678,中科信息,9.79,4.62,1.36,2.37,2026-09-28
688133,泰坦科技,9.78,5.66,0.6,5.27,2026-09-28
300363,博腾股份,9.78,2.78,-1.34,4.64,2026-09-28
601369,陕鼓动力,9.77,2.04,-2.32,2.67,2026-09-28
000810,创维数字,9.77,4.14,0.89,2.22,2026-09-28
002520,日发精机,9.77,2.92,-0.94,2.81,2026-09-28
688006,杭可科技,9.77,3.9,2.06,3.47,2026-09-28
601689,拓普集团,9.76,3.47,1.83,5.91,2026-09-28
688061,灿瑞科技,9.76,1.79,-0.97,2.92,2026-09-28
688396,华润微,9.76,1.71,1.03,3.92,2026-09-28
300025,华星创业,9.76,7.82,0.17,2.43,2026-09-28
002863,今飞凯达,9.75,9.24,1.05,2.53,2026-09-28
688345,博力威,9.75,1.46,4.69,6.16,2026-09-28
300525,博思软件,9.75,9.7,1.3,2.6,2026-09-28
002432,九安医疗,9.74,4.7,1.96,3.92,2026-09-28
600496,精工钢构,9.74,2.3,-0.6,1.5,2026-09-28
000791,甘肃能源,9.74,3.11,-1.27,2.12,2026-09-28
688426,康为世纪,9.74,1.83,-0.09,6.26,2026-09-28
301149,隆华新材,9.74,7.71,-7.59,5.72,2026-09-28
600096,云天化,9.74,5.76,0.59,1.03,2026-09-28
601077,渝农商行,9.73,0.6,-1.2,1.35,2026-09-28
601801,皖新传媒,9.73,1.5,6.13,7.47,2026-09-28
688376,美埃科技,9.73,1.88,-0.4,3.92,2026-09-28
600869,远东股份,9.72,4.02,-0.33,2.21,2026-09-28
301026,浩通科技,9.72,5.19,0.98,2.01,2026-09-28
301308,江波龙,9.71,6.89,-0.11,1.82,2026-09-28
600795,国电电力,9.71,0.56,-0.74,1.85,2026-09-28
301078,孩子王,9.69,5.38,0.15,1.31,2026-09-28
000901,航天科技,9.69,4.96,-0.43,2.24,2026-09-28
000065,北方国际,9.69,6.95,0.31,1.57,2026-09-28
600973,宝胜股份,9.69,4.58,0.18,1.23,2026-09-28
603444,吉比特,9.69,2.63,-0.02,1.77,2026-09-28
603927,中科软,9.69,4.39,1.34,2.08,2026-09-28
688612,威迈斯,9.69,4.65,1.94,4.92,2026-09-28
000657,中钨高新,9.68,3.89,0.83,3.53,2026-09-28
600271,航天信息,9.68,4.79,1.53,1.83,2026-09-28
002476,新叶股份,9.68,8.16,0.21,1.44,2026-09-28
688227,品高股份,9.67,3.95,2.27,7.77,2026-09-28
688585,上纬新材,9.67,1.06,-1.64,2.91,2026-09-28
300499,高澜股份,9.66,9.21,-0.06,2.96,2026-09-28
300443,金雷股份,9.65,6.41,-0.24,6.26,2026-09-28
002488,金固股份,9.65,6.75,0.0,2.09,2026-09-28
601607,上海医药,9.65,1.67,0.69,1.2,2026-09-28
300960,通业科技,9.65,2.07,2.0,6.38,2026-09-28
301080,百普赛斯,9.65,2.74,1.8,8.67,2026-09-28
300601,康泰生物,9.65,5.25,-0.54,2.64,2026-09-28
600446,金证股份,9.65,8.12,1.76,3.13,2026-09-28
002429,兆驰股份,9.65,4.56,1.37,3.61,2026-09-28
300903,科翔股份,9.64,7.17,2.01,6.23,2026-09-28
300737,科顺股份,9.64,6.11,3.83,4.95,2026-09-28
003022,联泓新科,9.64,1.39,-0.11,1.58,2026-09-28
301511,德福科技,9.64,3.59,2.51,5.88,2026-09-28
002741,光华科技,9.64,6.15,2.95,6.41,2026-09-28
000591,太阳能,9.62,5.18,0.24,1.21,2026-09-28
600308,华泰股份,9.62,5.7,0.93,1.86,2026-09-28
002685,华东重机,9.62,9.32,0.38,2.1,2026-09-28
600927,永安期货,9.62,0.38,0.42,1.42,2026-09-28
301217,铜冠铜箔,9.62,2.33,1.74,4.91,2026-09-28
301226,祥明智能,9.61,3.38,0.98,4.04,2026-09-28
002459,晶澳科技,9.61,3.06,0.61,1.68,2026-09-28
600728,佳都科技,9.61,9.43,2.29,2.75,2026-09-28
601800,中国交建,9.59,1.79,1.22,1.91,2026-09-28
301066,万事利,9.59,3.44,0.32,2.74,2026-09-28
300770,新媒股份,9.59,3.88,0.77,2.17,2026-09-28
300943,春晖智控,9.58,8.68,-1.64,3.76,2026-09-28
600353,旭光电子,9.58,3.97,-0.03,3.48,2026-09-28
600339,中油工程,9.58,1.81,0.0,1.56,2026-09-28
002304,洋河股份,9.58,2.3,-0.3,0.78,2026-09-28
688017,绿的谐波,9.58,4.48,0.36,3.38,2026-09-28
688828,国仪公司,9.58,6.65,-3.75,4.58,2026-09-28
300143,盈康生命,9.57,4.03,0.26,2.71,2026-09-28
600367,红星发展,9.57,5.99,-2.51,5.07,2026-09-28
000800,一汽解放,9.57,2.28,0.0,1.2,2026-09-28
688036,传音控股,9.57,1.37,-0.43,1.49,2026-09-28
002369,卓翼科技,9.57,6.14,1.63,3.09,2026-09-28
601628,中国人寿,9.56,0.2,-0.41,1.22,2026-09-28
600575,淮河能源,9.56,2.36,0.32,1.6,2026-09-28
688580,伟思医疗,9.56,4.3,-0.45,2.91,2026-09-28
301369,联动科技,9.55,3.16,1.08,4.08,2026-09-28
600313,农发种业,9.53,4.46,-0.92,2.3,2026-09-28
300166,东方国信,9.53,8.03,-1.1,2.46,2026-09-28
688368,晶丰明源,9.52,1.81,-1.98,4.48,2026-09-28
600507,方大特钢,9.52,1.13,0.51,1.77,2026-09-28
002475,立讯精密,9.52,1.52,0.96,2.16,2026-09-28
002185,华天科技,9.51,4.46,0.18,2.83,2026-09-28
603270,金帝股份,9.51,4.7,-2.95,4.11,2026-09-28
601567,三星电气,9.51,1.93,-5.26,4.99,2026-09-28
000530,冰山冷热,9.51,5.3,0.77,2.13,2026-09-28
301262,海看股份,9.5,7.86,1.2,3.79,2026-09-28
600328,中盐化工,9.5,4.82,0.18,1.61,2026-09-28
688363,华熙生物,9.5,3.11,-0.58,2.48,2026-09-28
601009,南京银行,9.49,0.41,-0.92,2.02,2026-09-28
601388,怡球资源,9.49,2.46,1.93,2.89,2026-09-28
603373,安邦护卫,9.49,6.16,2.09,8.25,2026-09-28
603826,坤彩科技,9.49,2.14,0.78,4.74,2026-09-28
688360,德马科技,9.48,3.74,-0.99,3.27,2026-09-28
688519,南亚新材,9.48,1.63,0.27,3.34,2026-09-28
300684,中石科技,9.47,3.53,-1.67,6.66,2026-09-28
688561,奇安信,9.47,2.49,0.3,8.03,2026-09-28
301085,亚康股份,9.47,4.7,0.2,3.92,2026-09-28
002902,铭普光磁,9.47,6.92,2.31,5.44,2026-09-28
600000,浦发银行,9.47,1.19,0.22,1.75,2026-09-28
000962,东方钽业,9.47,1.01,-0.13,2.47,2026-09-28
000338,潍柴动力,9.46,1.51,1.54,3.13,2026-09-28
300479,神思电子,9.46,6.16,1.36,2.92,2026-09-28
688387,信科移动,9.46,2.17,-0.35,1.82,2026-09-28
002537,海联金汇,9.46,7.04,1.44,2.69,2026-09-28
688222,成都先导,9.46,2.31,0.0,6.94,2026-09-28
002056,横店东磁,9.46,2.19,0.93,2.48,2026-09-28
603738,泰晶科技,9.45,6.91,-0.56,3.79,2026-09-28
688380,中微半导,9.45,3.5,0.87,2.8,2026-09-28
688548,广钢气体,9.45,1.16,0.92,3.98,2026-09-28
601311,骆驼股份,9.45,5.52,1.24,1.24,2026-09-28
600248,陕建股份,9.44,1.98,1.08,2.51,2026-09-28
301206,三元生物,9.44,7.31,1.58,2.85,2026-09-28
600827,百联股份,9.44,3.69,1.17,1.69,2026-09-28
688060,云涌科技,9.43,1.78,1.28,3.22,2026-09-28
002210,飞马国际,9.43,4.37,0.48,2.9,2026-09-28
002140,东华科技,9.41,2.68,-0.56,2.11,2026-09-28
603370,华新精科,9.41,3.31,0.0,2.78,2026-09-28
601111,中国国航,9.41,1.33,0.35,1.04,2026-09-28
600055,万东医疗,9.41,4.89,-0.29,1.44,2026-09-28
600673,东阳光,9.4,3.22,0.43,1.88,2026-09-28
002920,德赛西威,9.39,2.92,-0.94,2.85,2026-09-28
688031,星环科技,9.39,6.53,1.05,4.78,2026-09-28
300520,科大国创,9.38,8.75,1.59,4.34,2026-09-28
002636,金安国纪,9.38,2.58,4.7,9.92,2026-09-28
300428,立中集团,9.38,2.4,1.05,2.05,2026-09-28
688131,皓元医药,9.38,2.59,-2.87,7.43,2026-09-28
301158,德石股份,9.37,4.4,0.14,2.12,2026-09-28
300653,正海生物,9.37,4.18,0.9,3.01,2026-09-28
002202,金风科技,9.37,5.66,-0.81,1.63,2026-09-28
301337,亚华电子,9.37,2.2,2.02,4.81,2026-09-28
002353,杰瑞股份,9.37,1.38,-0.56,2.19,2026-09-28
603496,恒为科技,9.37,6.79,-0.05,1.27,2026-09-28
300182,捷成股份,9.36,10.39,1.4,4.0,2026-09-28
301011,华立科技,9.36,3.24,2.02,3.13,2026-09-28
300751,迈为股份,9.36,2.91,-0.31,2.92,2026-09-28
300568,星源材质,9.36,4.32,-0.68,2.79,2026-09-28
000848,承德露露,9.35,2.35,-1.0,1.62,2026-09-28
002521,齐峰新材,9.35,9.42,1.14,2.12,2026-09-28
688114,华大智造,9.35,1.38,-1.72,6.04,2026-09-28
601872,招商轮船,9.35,1.54,-3.68,4.12,2026-09-28
688260,昀冢科技,9.34,3.1,0.61,3.83,2026-09-28
300757,罗博特科,9.34,5.25,-0.25,4.41,2026-09-28
002583,海能达,9.34,4.54,-6.86,4.26,2026-09-28
002649,博彦科技,9.34,6.98,1.55,2.54,2026-09-28
688135,利扬芯片,9.34,4.47,-0.37,3.8,2026-09-28
300765,石药创新,9.33,0.78,0.11,2.95,2026-09-28
003031,中瓷电子,9.32,1.72,1.35,3.65,2026-09-28
000680,山推股份,9.31,2.14,-1.12,1.57,2026-09-28
002335,科华数据,9.31,5.64,1.15,3.85,2026-09-28
603605,珀莱雅,9.31,3.35,-1.28,2.25,2026-09-28
002451,摩恩电气,9.3,3.6,0.8,3.08,2026-09-28
600489,中金黄金,9.3,2.77,3.05,4.11,2026-09-28
601886,江河集团,9.3,0.53,-2.74,4.71,2026-09-28
002183,怡 亚 通,9.29,6.17,1.72,2.45,2026-09-28
603285,键邦股份,9.29,5.14,2.68,5.29,2026-09-28
600236,桂冠电力,9.29,0.15,-1.92,3.53,2026-09-28
301227,森鹰窗业,9.27,5.68,0.64,4.65,2026-09-28
600611,大众交通,9.27,4.66,0.94,2.11,2026-09-28
600278,东方创业,9.27,3.21,0.93,2.78,2026-09-28
603288,海天味业,9.27,0.68,-0.06,1.79,2026-09-28
688169,石头科技,9.26,2.83,-1.4,1.72,2026-09-28
603601,再升科技,9.25,3.91,-3.94,7.58,2026-09-28
002608,江苏国信,9.25,1.05,-0.41,1.66,2026-09-28
002739,儒意电影,9.25,7.12,1.22,1.83,2026-09-28
600089,特变电工,9.24,5.68,-0.64,0.81,2026-09-28
000912,泸天化,9.24,2.54,1.04,2.08,2026-09-28
300745,欣锐科技,9.24,8.74,2.48,3.96,2026-09-28
688038,中科通达,9.24,3.02,-0.26,3.97,2026-09-28
603505,金石资源,9.24,4.94,-1.95,2.58,2026-09-28
002281,光迅科技,9.23,2.99,1.89,3.79,2026-09-28
301220,亚香股份,9.23,10.94,0.0,2.63,2026-09-28
603712,七一二,9.22,3.67,0.62,2.23,2026-09-28
300054,鼎龙股份,9.22,4.07,1.3,3.33,2026-09-28
688498,源杰科技,9.22,1.37,2.96,4.27,2026-09-28
301088,戎美股份,9.22,1.93,2.25,3.23,2026-09-28
000789,万年青,9.21,3.74,1.96,2.69,2026-09-28
688147,微导纳米,9.21,0.62,0.98,4.84,2026-09-28
000967,盈峰环境,9.2,6.43,6.72,7.51,2026-09-28
002130,沃尔核材,9.2,6.87,-0.13,0.96,2026-09-28
600073,光明肉业,9.2,6.58,0.37,1.1,2026-09-28
002428,云南锗业,9.2,7.32,-0.69,2.95,2026-09-28
000505,京粮控股,9.2,3.44,-0.98,2.12,2026-09-28
601608,中信重工,9.2,2.89,0.44,1.32,2026-09-28
002061,浙江交科,9.2,2.68,1.23,1.53,2026-09-28
000565,渝三峡Ａ,9.2,4.57,0.79,1.89,2026-09-28
002500,山西证券,9.19,5.02,1.18,2.36,2026-09-28
688569,铁科轨道,9.18,2.11,-0.97,1.88,2026-09-28
603011,合锻智能,9.18,2.86,2.72,6.18,2026-09-28
300676,华大基因,9.18,4.32,-0.99,5.04,2026-09-28
300766,每日互动,9.18,8.76,2.09,3.51,2026-09-28
688365,光云科技,9.18,3.76,4.14,7.69,2026-09-28
600320,振华重工,9.18,3.31,0.75,1.5,2026-09-28
001360,南矿集团,9.16,6.1,-2.86,4.75,2026-09-28
002154,报 喜 鸟,9.16,3.22,0.26,1.84,2026-09-28
688627,精智达,9.16,4.65,2.1,3.7,2026-09-28
688596,正帆科技,9.15,3.6,-0.81,4.19,2026-09-28
688660,电气风电,9.14,5.17,1.86,3.49,2026-09-28
300398,飞凯材料,9.14,7.73,-1.85,3.6,2026-09-28
688210,统联精密,9.13,8.76,0.22,3.94,2026-09-28
002987,京北方,9.13,2.52,0.86,1.71,2026-09-28
600171,上海贝岭,9.12,5.16,-0.18,2.12,2026-09-28
301321,翰博高新,9.12,2.81,-1.36,3.95,2026-09-28
002020,京新药业,9.12,6.21,-0.09,2.82,2026-09-28
603688,石英股份,9.12,4.09,0.2,2.55,2026-09-28
301338,凯格精机,9.11,4.65,-0.17,3.12,2026-09-28
301182,凯旺科技,9.11,3.62,-1.19,2.87,2026-09-28
002151,北斗星通,9.11,6.2,-1.05,2.36,2026-09-28
300843,胜蓝股份,9.11,2.05,1.93,4.51,2026-09-28
002607,中公教育,9.1,9.05,0.55,2.19,2026-09-28
603137,恒尚节能,9.1,3.42,-2.23,2.83,2026-09-28
301101,明月镜片,9.09,3.38,1.1,2.91,2026-09-28
603466,风语筑,9.09,4.48,2.26,4.51,2026-09-28
600956,新天绿能,9.09,0.65,-0.28,1.85,2026-09-28
603290,斯达半导,9.09,4.88,0.71,2.57,2026-09-28
000061,农 产 品,9.08,3.77,-0.51,1.53,2026-09-28
601162,天风证券,9.07,5.32,2.01,3.15,2026-09-28
301123,奕东电子,9.07,3.2,0.16,3.11,2026-09-28
300604,长川科技,9.07,2.61,-0.42,4.34,2026-09-28
300353,东土科技,9.06,11.07,-0.67,1.78,2026-09-28
603368,柳药集团,9.06,5.64,-0.6,1.12,2026-09-28
688353,华盛锂电,9.06,5.01,-0.01,2.51,2026-09-28
002276,万马股份,9.06,6.64,0.1,1.75,2026-09-28
688521,芯原股份,9.06,3.75,0.33,5.73,2026-09-28
603366,日出东方,9.06,1.91,-0.41,2.88,2026-09-28
603051,鹿山新材,9.05,4.33,2.57,4.52,2026-09-28
002623,亚玛顿,9.05,2.93,-2.02,3.83,2026-09-28
002017,东信和平,9.05,4.04,0.8,2.4,2026-09-28
600183,生益科技,9.05,1.51,0.78,4.03,2026-09-28
603477,巨星农牧,9.05,2.79,2.58,4.09,2026-09-28
688206,概伦电子,9.05,2.14,-0.59,3.08,2026-09-28
601808,中海油服,9.04,1.17,-0.9,1.4,2026-09-28
600888,新疆众和,9.04,7.42,6.38,5.83,2026-09-28
300762,上海瀚讯,9.04,9.13,-0.92,2.23,2026-09-28
300151,昌红科技,9.03,9.32,2.67,3.77,2026-09-28
600226,亨通股份,9.03,3.49,0.76,4.36,2026-09-28
301225,恒勃股份,9.03,4.47,-0.24,6.01,2026-09-28
301387,光大同创,9.03,4.33,2.05,7.67,2026-09-28
301326,捷邦科技,9.02,2.67,2.52,5.95,2026-09-28
688101,三达膜,9.02,5.32,1.42,2.27,2026-09-28
002600,领益智造,9.01,2.46,-0.25,1.67,2026-09-28
603063,禾望电气,9.01,15.93,3.64,5.52,2026-09-28
000410,沈阳机床,9.01,3.85,0.39,1.37,2026-09-28
301510,固高科技,9.01,6.16,2.88,5.87,2026-09-28
300634,彩讯股份,9.0,6.47,1.5,5.14,2026-09-28
601398,工商银行,9.0,0.1,0.12,1.35,2026-09-28
688507,索辰科技,9.0,10.42,1.61,3.52,2026-09-28
600246,万通发展,9.0,6.9,1.7,5.34,2026-09-28
002110,三钢闽光,8.99,4.85,1.06,2.82,2026-09-28
002155,湖南黄金,8.99,5.63,1.81,3.18,2026-09-28
601098,中南传媒,8.98,0.86,2.62,2.92,2026-09-28
600403,大有能源,8.98,0.73,-3.56,4.65,2026-09-28
600062,华润双鹤,8.98,2.81,-0.38,1.38,2026-09-28
002261,拓维信息,8.98,4.92,-0.08,1.04,2026-09-28
300171,东富龙,8.98,2.46,-2.27,4.55,2026-09-28
002426,胜利精密,8.97,6.0,-0.75,3.37,2026-09-28
688658,悦康药业,8.97,4.86,-0.46,4.07,2026-09-28
301393,昊帆生物,8.97,4.9,-0.23,5.71,2026-09-28
002132,恒星科技,8.96,6.21,-0.5,1.75,2026-09-28
301500,飞南资源,8.96,12.34,3.94,6.16,2026-09-28
300973,立高食品,8.96,4.48,-0.27,2.12,2026-09-28
301008,宏昌科技,8.95,4.23,-1.62,5.52,2026-09-28
301183,东田微,8.95,3.15,3.59,6.13,2026-09-28
301209,联合化学,8.95,4.2,1.03,6.83,2026-09-28
002471,中超控股,8.95,4.13,-0.95,2.28,2026-09-28
300207,欣旺达,8.95,5.33,0.56,11.32,2026-09-28
601866,中远海发,8.94,2.17,-0.41,1.65,2026-09-28
002094,青岛金王,8.92,3.42,-0.2,2.96,2026-09-28
300685,艾德生物,8.92,3.47,0.72,3.6,2026-09-28
600830,香溢融通,8.92,6.95,0.36,1.92,2026-09-28
300712,永福股份,8.91,5.02,0.96,3.35,2026-09-28
002842,翔鹭钨业,8.91,3.62,0.91,1.88,2026-09-28
002368,太极股份,8.91,7.03,1.03,2.3,2026-09-28
603318,水发燃气,8.9,3.94,0.35,1.51,2026-09-28
301306,西测测试,8.9,4.58,-1.65,2.82,2026-09-28
300232,洲明科技,8.89,9.7,2.12,3.08,2026-09-28
600822,上海物贸,8.89,2.47,0.99,4.95,2026-09-28
600343,航天动力,8.89,5.02,-4.58,7.47,2026-09-28
301255,通力科技,8.88,2.37,0.53,3.43,2026-09-28
688686,奥普特,8.88,1.47,0.87,3.32,2026-09-28
603181,皇马科技,8.88,2.61,0.58,1.9,2026-09-28
601106,中国一重,8.88,2.0,1.74,2.79,2026-09-28
600386,北巴传媒,8.87,4.65,0.85,3.69,2026-09-28
600351,亚宝药业,8.87,3.7,-1.9,2.78,2026-09-28
301376,致欧科技,8.86,0.88,-1.59,3.4,2026-09-28
300964,本川智能,8.86,3.97,3.38,5.22,2026-09-28
301603,乔锋智能,8.85,2.91,2.09,3.83,2026-09-28
301213,观想科技,8.85,2.65,-1.33,2.95,2026-09-28
301193,家联科技,8.85,3.44,-1.51,3.55,2026-09-28
688050,爱博医疗,8.85,6.61,-0.81,1.64,2026-09-28
688166,博瑞医药,8.85,7.64,0.73,3.69,2026-09-28
002527,新时达,8.85,6.5,1.53,2.2,2026-09-28
600359,新农开发,8.85,3.34,-2.29,3.37,2026-09-28
605499,东鹏饮料,8.84,1.17,-0.84,0.94,2026-09-28
002469,三维化学,8.84,3.86,0.5,1.5,2026-09-28
002497,雅化集团,8.84,5.5,1.81,2.53,2026-09-28
300598,诚迈科技,8.84,5.73,0.0,2.33,2026-09-28
301602,超研股份,8.84,2.14,-0.56,2.55,2026-09-28
300098,高新兴,8.84,6.61,0.96,1.68,2026-09-28
301613,新铝时代,8.83,6.38,0.56,1.87,2026-09-28
301526,国际复材,8.83,4.93,0.22,2.78,2026-09-28
688295,中复神鹰,8.82,1.45,-0.03,1.7,2026-09-28
300933,中辰股份,8.82,5.81,2.7,3.65,2026-09-28
300723,一品红,8.82,3.51,0.31,2.89,2026-09-28
002189,中光学,8.82,7.39,0.69,2.43,2026-09-28
000719,中原传媒,8.82,0.97,0.17,2.11,2026-09-28
601236,红塔证券,8.82,1.53,0.29,1.31,2026-09-28
688520,神州细胞,8.82,1.31,0.09,4.15,2026-09-28
301333,诺思格,8.82,1.18,-0.8,6.83,2026-09-28
300775,三角防务,8.82,7.5,-1.04,1.78,2026-09-28
688119,中钢洛耐,8.82,3.12,1.33,3.18,2026-09-28
600987,航民股份,8.81,1.98,-0.32,0.96,2026-09-28
000559,万向钱潮,8.81,2.23,-1.37,3.48,2026-09-28
000863,三湘印象,8.79,4.69,2.96,6.38,2026-09-28
300814,中富电路,8.79,1.83,0.39,3.95,2026-09-28
300920,润阳科技,8.79,4.92,-1.69,4.08,2026-09-28
600118,中国卫星,8.78,4.09,-1.5,2.44,2026-09-28
301525,儒竞科技,8.78,4.93,-0.69,2.33,2026-09-28
300841,康华生物,8.78,9.01,-0.44,2.37,2026-09-28
002382,蓝帆医疗,8.77,5.12,0.16,2.96,2026-09-28
300181,佐力药业,8.76,7.91,0.08,1.08,2026-09-28
601777,千里科技,8.76,2.85,-6.17,8.07,2026-09-28
601985,中国核电,8.76,0.82,0.22,0.89,2026-09-28
601611,中国核建,8.76,2.55,0.1,1.4,2026-09-28
301363,美好医疗,8.76,3.56,-1.18,3.34,2026-09-28
000066,中国长城,8.74,4.15,1.84,4.17,2026-09-28
000048,京基智农,8.74,3.69,-0.22,3.12,2026-09-28
300300,海峡创新,8.74,2.98,-3.16,4.87,2026-09-28
002577,雷柏科技,8.74,3.34,-2.34,3.74,2026-09-28
002119,康强电子,8.74,3.63,-4.85,6.19,2026-09-28
002104,恒宝股份,8.73,6.42,-0.49,1.27,2026-09-28
688420,美腾科技,8.73,1.4,-0.31,2.67,2026-09-28
600584,长电科技,8.73,5.3,0.41,2.51,2026-09-28
301012,扬电科技,8.72,6.2,-0.36,1.49,2026-09-28
002362,汉王科技,8.71,5.3,-0.19,3.97,2026-09-28
300909,汇创达,8.71,7.17,8.55,11.8,2026-09-28
301315,威士顿,8.7,3.53,0.55,2.83,2026-09-28
002252,上海莱士,8.7,3.43,1.77,2.95,2026-09-28
301421,波长光电,8.7,4.48,0.56,2.23,2026-09-28
300265,通光线缆,8.69,3.61,-1.07,1.73,2026-09-28
300358,楚天科技,8.69,4.39,-1.35,3.63,2026-09-28
600011,华能国际,8.68,1.2,0.14,1.59,2026-09-28
002511,中顺洁柔,8.68,2.42,0.73,1.17,2026-09-28
600967,内蒙一机,8.68,2.91,0.39,3.55,2026-09-28
688510,航亚科技,8.68,3.51,-2.32,3.75,2026-09-28
688545,兴福电子,8.67,5.05,-0.49,2.24,2026-09-28
600425,青松建化,8.66,5.32,1.4,2.24,2026-09-28
300278,华昌达,8.66,4.93,1.14,3.71,2026-09-28
688111,金山办公,8.66,4.72,-2.3,3.99,2026-09-28
688078,龙软科技,8.66,3.51,0.86,3.96,2026-09-28
002065,东华软件,8.65,5.42,0.62,1.39,2026-09-28
300741,华宝股份,8.64,1.37,-0.27,10.75,2026-09-28
600877,电科芯片,8.64,3.81,-0.26,2.45,2026-09-28
301165,锐捷网络,8.63,0.65,0.51,2.5,2026-09-28
301302,华如科技,8.63,3.89,1.0,2.87,2026-09-28
002837,英维克,8.63,6.09,2.24,4.6,2026-09-28
002149,西部材料,8.63,4.42,0.0,2.12,2026-09-28
300024,机器人,8.63,4.66,-0.46,1.32,2026-09-28
002895,川恒股份,8.62,1.43,-0.17,1.86,2026-09-28
300968,格林精密,8.62,3.19,1.05,2.83,2026-09-28
000547,航天发展,8.61,3.69,-1.35,3.98,2026-09-28
688063,派能科技,8.61,8.32,2.4,3.77,2026-09-28
688710,益诺思,8.61,0.88,1.84,10.25,2026-09-28
301299,卓创资讯,8.6,5.4,1.98,4.67,2026-09-28
301717,超纯应材,8.6,5.4,-0.25,5.47,2026-09-28
301310,鑫宏业,8.6,8.84,1.99,8.34,2026-09-28
002212,天融信,8.6,7.38,1.37,6.59,2026-09-28
301396,宏景科技,8.57,6.2,-1.5,3.45,2026-09-28
301252,同星科技,8.57,1.98,-2.25,2.91,2026-09-28
600675,中华企业,8.57,1.82,5.96,8.09,2026-09-28
002557,洽洽食品,8.57,4.11,-1.74,2.44,2026-09-28
300007,汉威科技,8.56,7.58,0.69,2.64,2026-09-28
300271,华宇软件,8.56,6.18,1.4,2.62,2026-09-28
300113,顺网科技,8.56,8.68,2.03,3.88,2026-09-28
002006,精工科技,8.56,7.55,1.37,2.21,2026-09-28
603501,豪威集团,8.56,4.65,-0.48,1.91,2026-09-28
600816,建元信托,8.56,3.21,0.43,1.72,2026-09-28
688702,盛科通信,8.55,1.87,-1.13,4.59,2026-09-28
000544,中原环保,8.55,3.68,0.84,1.4,2026-09-28
301349,信德新材,8.55,4.11,1.75,3.51,2026-09-28
300855,图南股份,8.55,2.33,-0.44,2.27,2026-09-28
600918,中泰证券,8.55,5.73,0.94,1.87,2026-09-28
688238,和元生物,8.55,3.03,-0.23,8.06,2026-09-28
600691,潞化科技,8.55,2.01,1.49,2.99,2026-09-28
300102,乾照光电,8.54,1.07,-0.13,1.63,2026-09-28
300927,江天化学,8.53,2.58,-1.19,2.54,2026-09-28
000816,智慧农业,8.53,3.39,0.36,2.16,2026-09-28
300006,莱美药业,8.53,5.38,-0.75,3.56,2026-09-28
300058,蓝色光标,8.52,8.44,1.81,3.71,2026-09-28
000415,渤海租赁,8.52,2.89,0.25,1.72,2026-09-28
688475,萤石网络,8.52,0.86,-0.81,2.46,2026-09-28
300442,润泽科技,8.51,3.15,1.09,2.87,2026-09-28
000055,方大集团,8.51,4.18,0.78,3.38,2026-09-28
600519,贵州茅台,8.51,1.12,-0.67,1.21,2026-09-28
002245,蔚蓝锂芯,8.5,2.91,-0.25,3.39,2026-09-28
600976,健民集团,8.5,4.19,-1.41,1.82,2026-09-28
688279,峰岹科技,8.49,1.11,-1.07,4.87,2026-09-28
688013,天臣医疗,8.49,4.18,-0.2,3.62,2026-09-28
301379,天山电子,8.49,7.23,0.35,3.15,2026-09-28
688722,同益中,8.49,5.39,1.19,1.82,2026-09-28
301413,安培龙,8.48,7.53,0.09,3.49,2026-09-28
002468,申通快递,8.48,2.12,0.55,2.12,2026-09-28
300203,聚光科技,8.48,5.37,-1.24,2.77,2026-09-28
002558,巨人网络,8.47,4.12,-0.27,1.89,2026-09-28
605020,永和股份,8.47,2.67,0.83,2.92,2026-09-28
688239,航宇科技,8.47,3.36,-3.57,4.99,2026-09-28
300991,创益通,8.47,11.67,3.59,6.91,2026-09-28
300346,南大光电,8.46,6.75,-1.46,2.82,2026-09-28
688409,富创精密,8.46,0.91,1.12,3.65,2026-09-28
603271,永杰新材,8.45,2.44,0.18,1.15,2026-09-28
600867,通化东宝,8.45,3.43,-0.65,1.55,2026-09-28
300948,冠中生态,8.45,5.26,-1.49,2.87,2026-09-28
301125,腾亚精工,8.45,2.68,2.92,5.22,2026-09-28
688777,中控技术,8.45,4.13,1.78,3.84,2026-09-28
603567,珍宝岛,8.45,3.75,0.78,3.49,2026-09-28
000950,重药控股,8.45,5.04,-0.19,1.34,2026-09-28
603087,甘李药业,8.45,2.92,1.2,3.38,2026-09-28
301458,钧崴电子,8.44,8.52,2.63,5.84,2026-09-28
601869,长飞光纤,8.44,1.51,3.48,5.73,2026-09-28
002554,惠博普,8.43,4.34,0.37,2.21,2026-09-28
688098,申联生物,8.43,6.08,1.08,4.08,2026-09-28
002670,国盛证券,8.43,2.56,1.81,2.99,2026-09-28
300253,卫宁健康,8.42,7.72,1.9,3.07,2026-09-28
002755,奥赛康,8.42,1.31,-1.44,3.44,2026-09-28
001282,三联锻造,8.42,2.11,-2.15,2.87,2026-09-28
600150,中国船舶,8.41,2.17,2.28,4.15,2026-09-28
600577,XD精达股,8.41,7.85,0.0,2.67,2026-09-28
002641,公元股份,8.41,2.5,1.33,1.33,2026-09-28
000028,国药一致,8.39,2.29,-0.46,0.92,2026-09-28
300596,利安隆,8.39,2.67,-0.66,1.78,2026-09-28
603126,中材节能,8.39,3.28,1.29,3.22,2026-09-28
002203,海亮股份,8.39,2.65,2.28,3.1,2026-09-28
688213,思特威,8.38,3.22,2.02,3.67,2026-09-28
300274,阳光电源,8.38,5.99,2.16,3.63,2026-09-28
600563,法拉电子,8.38,3.78,-0.17,2.27,2026-09-28
301600,慧翰股份,8.38,9.66,-0.63,2.53,2026-09-28
300772,运达股份,8.38,5.25,2.34,7.41,2026-09-28
300887,谱尼测试,8.38,3.91,0.29,2.16,2026-09-28
688068,热景生物,8.37,1.59,0.39,5.48,2026-09-28
301265,华新科技,8.37,2.99,4.15,7.15,2026-09-28
002292,奥飞娱乐,8.37,4.67,0.12,3.04,2026-09-28
301330,熵基科技,8.36,3.22,0.35,2.46,2026-09-28
300134,大富科技,8.36,3.04,2.09,3.69,2026-09-28
000899,赣能股份,8.36,2.03,0.0,1.33,2026-09-28
002901,大博医疗,8.35,0.89,-1.79,4.16,2026-09-28
300149,睿智医药,8.35,4.23,-0.62,5.98,2026-09-28
688538,和辉光电,8.34,4.59,0.49,1.47,2026-09-28
300066,三川智慧,8.33,4.5,0.66,2.42,2026-09-28
688373,盟科药业,8.33,1.76,1.24,5.3,2026-09-28
002602,世纪华通,8.33,2.69,0.07,1.95,2026-09-28
001309,德明利,8.33,9.15,0.25,2.3,2026-09-28
688083,中望软件,8.32,2.88,-0.79,1.65,2026-09-28
603662,柯力传感,8.32,3.31,-0.08,2.47,2026-09-28
300627,华测导航,8.32,3.51,0.92,1.88,2026-09-28
002401,中远海科,8.31,5.25,0.75,1.83,2026-09-28
688448,磁谷科技,8.31,2.67,4.32,8.64,2026-09-28
301332,德尔玛,8.3,6.02,1.45,2.76,2026-09-28
300988,津荣天宇,8.3,5.39,2.54,5.08,2026-09-28
000735,罗 牛 山,8.3,8.88,1.59,3.88,2026-09-28
688107,安路科技,8.29,1.27,-1.02,2.35,2026-09-28
002590,万安科技,8.28,4.76,1.06,2.53,2026-09-28
300002,神州泰岳,8.28,9.07,1.4,1.92,2026-09-28
600797,浙大网新,8.28,5.91,1.09,2.49,2026-09-28
002635,安洁科技,8.27,5.48,0.27,6.79,2026-09-28
300827,上能电气,8.27,4.67,-0.37,1.5,2026-09-28
002272,川润股份,8.26,6.06,-1.32,2.29,2026-09-28
688183,生益电子,8.26,1.86,4.28,6.26,2026-09-28
688216,气派科技,8.26,3.18,5.82,9.79,2026-09-28
002617,露笑科技,8.26,7.45,0.44,2.37,2026-09-28
600391,航发科技,8.26,2.55,-1.78,2.54,2026-09-28
688289,圣湘生物,8.25,3.09,-1.99,2.65,2026-09-28
002095,生 意 宝,8.25,5.18,-0.88,2.78,2026-09-28
688073,毕得医药,8.25,1.89,0.5,8.15,2026-09-28
600219,南山铝业,8.25,2.55,2.9,3.79,2026-09-28
603516,淳中科技,8.25,11.63,-1.28,3.58,2026-09-28
301277,新天地,8.24,1.67,-0.29,2.9,2026-09-28
688299,长阳科技,8.23,8.04,2.63,4.09,2026-09-28
300507,苏奥传感,8.23,8.53,0.32,2.87,2026-09-28
688586,江航装备,8.23,2.74,-0.73,2.46,2026-09-28
603156,养元饮品,8.23,0.92,2.45,4.36,2026-09-28
301075,多瑞医药,8.22,4.41,0.28,2.26,2026-09-28
301678,新恒汇,8.22,2.99,2.92,6.51,2026-09-28
600129,太极集团,8.22,5.22,-1.12,2.4,2026-09-28
603268,松发股份,8.2,1.04,0.98,4.15,2026-09-28
000900,现代投资,8.2,4.47,1.14,1.99,2026-09-28
688168,安博通,8.19,6.5,1.38,4.96,2026-09-28
688062,迈威生物,8.19,7.37,0.04,5.23,2026-09-28
688652,京仪装备,8.19,1.32,0.27,4.09,2026-09-28
688099,晶晨股份,8.18,2.58,2.32,4.45,2026-09-28
300065,海兰信,8.17,7.67,-0.81,1.82,2026-09-28
600757,长江传媒,8.17,1.62,1.09,1.77,2026-09-28
000035,中国天楹,8.16,5.44,-0.85,1.7,2026-09-28
000655,金岭矿业,8.16,4.31,2.27,2.98,2026-09-28
688207,格灵深瞳,8.16,3.99,3.26,6.09,2026-09-28
001399,惠科股份,8.14,8.19,-3.3,3.12,2026-09-28
301187,欧圣电气,8.14,2.12,0.7,4.06,2026-09-28
600567,山鹰国际,8.13,4.06,0.77,2.31,2026-09-28
300180,华峰超纤,8.13,6.39,1.17,2.57,2026-09-28
002463,沪电股份,8.13,2.17,1.6,3.83,2026-09-28
300342,天银机电,8.12,7.83,-1.2,2.63,2026-09-28
301257,普蕊斯,8.12,3.4,-0.17,6.97,2026-09-28
688386,泛亚微透,8.12,6.59,3.01,5.01,2026-09-28
001337,四川黄金,8.11,3.24,1.95,4.3,2026-09-28
603005,晶方科技,8.11,6.74,-0.14,3.23,2026-09-28
300236,上海新阳,8.1,4.88,0.09,2.48,2026-09-28
000428,华天酒店,8.1,4.93,-1.03,2.58,2026-09-28
688472,阿特斯,8.1,3.01,1.83,3.06,2026-09-28
002498,汉缆股份,8.09,1.32,-0.66,1.31,2026-09-28
300260,新莱应材,8.09,2.94,-2.22,3.81,2026-09-28
300139,晓程科技,8.09,7.85,1.72,4.45,2026-09-28
300079,数码视讯,8.09,9.15,2.13,3.41,2026-09-28
688071,华依科技,8.08,3.94,3.23,5.67,2026-09-28
688020,方邦股份,8.08,3.77,0.74,5.36,2026-09-28
300724,捷佳伟创,8.08,12.13,0.33,2.2,2026-09-28
688785,恒运昌,8.07,2.61,3.1,9.25,2026-09-28
600415,小商品城,8.07,2.29,-1.11,3.51,2026-09-28
600310,广西能源,8.07,2.45,0.88,8.19,2026-09-28
600602,云赛智联,8.06,4.21,-0.12,1.54,2026-09-28
002561,徐家汇,8.06,3.35,-0.41,1.37,2026-09-28
601101,昊华能源,8.05,0.99,-2.33,5.28,2026-09-28
002714,牧原股份,8.05,3.69,1.39,2.23,2026-09-28
002249,大洋电机,8.05,6.7,-0.16,2.03,2026-09-28
001696,宗申动力,8.05,6.28,-3.28,3.03,2026-09-28
600995,南网储能,8.05,0.83,-0.09,1.03,2026-09-28
002273,水晶光电,8.05,8.12,-1.43,2.98,2026-09-28
688359,三孚新科,8.05,3.97,3.15,8.26,2026-09-28
300761,立华股份,8.04,1.34,-0.1,2.78,2026-09-28
000027,深圳能源,8.04,1.69,0.97,1.62,2026-09-28
300953,震裕科技,8.04,5.87,-0.8,3.43,2026-09-28
688125,安达智能,8.03,3.06,1.42,5.95,2026-09-28
002067,景兴纸业,8.03,6.51,0.0,1.77,2026-09-28
603596,伯特利,8.03,2.67,-0.64,2.11,2026-09-28
300438,鹏辉能源,8.03,4.41,1.69,2.97,2026-09-28
603882,金域医学,8.03,2.21,-2.62,4.93,2026-09-28
603995,甬金股份,8.03,2.06,0.88,2.24,2026-09-28
300877,金春股份,8.02,3.73,1.45,3.27,2026-09-28
000923,河钢资源,8.02,5.79,2.73,3.39,2026-09-28
002161,远 望 谷,8.02,9.96,2.55,6.21,2026-09-28
601700,风范股份,8.01,2.5,-1.15,2.13,2026-09-28
002530,金财互联,8.01,6.04,1.87,3.03,2026-09-28
603887,城地香江,8.01,6.96,1.68,2.99,2026-09-28
000568,泸州老窖,8.01,2.38,-0.83,1.47,2026-09-28
688303,大全能源,8.0,1.51,1.29,1.55,2026-09-28
002631,德尔未来,8.0,3.47,3.46,6.24,2026-09-28
000049,德赛电池,7.98,3.28,1.57,2.49,2026-09-28
603103,横店影视,7.97,0.49,1.96,3.03,2026-09-28
600839,四川长虹,7.97,5.37,-0.16,0.78,2026-09-28
301622,英思特,7.97,6.42,0.08,2.54,2026-09-28
000519,中兵红箭,7.96,4.12,-0.41,1.52,2026-09-28
300894,火星人,7.96,4.5,0.3,2.22,2026-09-28
688351,微电生理,7.95,3.0,-0.47,3.05,2026-09-28
300593,新雷能,7.95,2.96,-1.1,3.13,2026-09-28
301111,粤万年青,7.95,4.78,1.71,3.74,2026-09-28
688317,之江生物,7.95,3.66,-0.77,4.33,2026-09-28
301073,君亭酒店,7.94,4.29,-0.41,2.15,2026-09-28
000829,天音控股,7.94,4.75,5.66,6.93,2026-09-28
600207,安彩高科,7.94,4.24,0.37,13.92,2026-09-28
600017,日照港,7.94,3.2,0.72,2.15,2026-09-28
002585,双星新材,7.93,4.11,2.01,5.54,2026-09-28
688669,聚石化学,7.93,6.95,1.0,3.1,2026-09-28
603033,三维股份,7.92,2.51,1.46,2.79,2026-09-28
688290,景业智能,7.92,3.48,1.3,5.64,2026-09-28
600938,中国海油,7.92,2.34,-0.42,2.63,2026-09-28
603078,江化微,7.92,3.21,-1.82,2.65,2026-09-28
688016,心脉医疗,7.92,4.65,-0.58,2.22,2026-09-28
300769,德方纳米,7.91,8.71,3.04,4.15,2026-09-28
688779,五矿新能,7.91,7.05,2.09,3.35,2026-09-28
301266,宇邦新材,7.91,3.64,1.48,3.69,2026-09-28
300017,网宿科技,7.91,6.92,-0.47,3.52,2026-09-28
000969,安泰科技,7.9,4.95,0.81,1.8,2026-09-28
603222,济民健康,7.89,2.79,-1.12,8.61,2026-09-28
300760,迈瑞医疗,7.89,1.78,0.45,1.55,2026-09-28
301112,信邦智能,7.89,4.34,1.29,3.09,2026-09-28
600717,天津港,7.89,2.31,0.48,1.19,2026-09-28
688334,西高院,7.89,2.38,1.18,1.8,2026-09-28
300036,超图软件,7.88,11.27,2.4,2.9,2026-09-28
300451,创业慧康,7.88,8.06,2.33,4.08,2026-09-28
600075,新疆天业,7.88,1.78,-0.22,1.77,2026-09-28
603613,国联股份,7.88,7.73,-1.46,3.39,2026-09-28
002324,普利特,7.88,6.76,2.08,3.46,2026-09-28
603210,泰鸿万立,7.88,2.66,0.15,1.87,2026-09-28
688229,博睿数据,7.88,4.38,3.64,4.65,2026-09-28
002268,电科网安,7.87,6.1,1.62,3.3,2026-09-28
600438,通威股份,7.87,4.59,0.09,2.08,2026-09-28
603015,弘讯科技,7.87,2.65,1.46,3.21,2026-09-28
002467,二六三,7.87,6.88,1.4,5.61,2026-09-28
300258,精锻科技,7.86,6.62,-3.72,4.6,2026-09-28
300458,全志科技,7.86,4.84,0.5,2.32,2026-09-28
603982,泉峰汽车,7.86,5.42,2.37,3.63,2026-09-28
600551,时代出版,7.86,3.84,3.55,4.61,2026-09-28
000930,中粮科技,7.85,2.82,-1.38,1.77,2026-09-28
601728,中国电信,7.84,0.19,0.32,1.12,2026-09-28
000837,秦川机床,7.84,4.1,0.42,2.53,2026-09-28
300189,神农种业,7.84,4.98,-1.53,2.38,2026-09-28
688072,拓荆科技,7.84,0.82,0.44,5.0,2026-09-28
300484,蓝海华腾,7.83,8.72,1.78,4.65,2026-09-28
002703,浙江世宝,7.83,4.37,-0.59,5.57,2026-09-28
301563,云汉芯城,7.83,8.15,0.46,3.03,2026-09-28
300919,中伟新材,7.83,2.68,2.9,3.07,2026-09-28
002606,大连电瓷,7.83,4.97,0.0,1.52,2026-09-28
002389,航天彩虹,7.83,4.12,-0.83,2.1,2026-09-28
301317,鑫磊股份,7.82,6.41,0.38,4.08,2026-09-28
603305,旭升集团,7.82,5.07,0.09,2.79,2026-09-28
603707,健友股份,7.82,1.53,-0.25,2.15,2026-09-28
000012,南  玻Ａ,7.82,6.23,0.0,1.09,2026-09-28
600177,雅戈尔,7.82,0.71,0.48,1.81,2026-09-28
001267,汇绿生态,7.82,1.91,0.48,4.03,2026-09-28
300720,海川智能,7.82,2.46,-1.6,2.91,2026-09-28
688319,欧林生物,7.82,3.66,0.65,4.35,2026-09-28
002191,劲嘉股份,7.81,4.89,0.29,2.01,2026-09-28
688177,百奥泰,7.81,2.06,-2.13,4.21,2026-09-28
002015,协鑫能科,7.81,4.01,0.21,1.38,2026-09-28
688729,屹唐股份,7.81,1.78,0.49,3.87,2026-09-28
000785,居然智家,7.81,1.3,3.15,4.05,2026-09-28
600409,三友化工,7.8,1.47,-0.98,3.27,2026-09-28
601333,广深铁路,7.8,2.05,-0.33,1.63,2026-09-28
688001,华兴源创,7.78,2.36,1.02,6.55,2026-09-28
300194,福安药业,7.78,8.62,0.26,2.6,2026-09-28
600433,冠豪高新,7.77,5.11,1.57,3.13,2026-09-28
688293,奥浦迈,7.77,1.45,-0.37,5.22,2026-09-28
002396,星网锐捷,7.76,3.44,-0.39,5.0,2026-09-28
601058,赛轮轮胎,7.76,1.67,0.08,1.67,2026-09-28
301110,青木科技,7.76,4.93,2.55,4.67,2026-09-28
601328,交通银行,7.76,0.54,0.4,1.84,2026-09-28
002165,红 宝 丽,7.75,4.29,0.15,2.22,2026-09-28
300057,万顺新材,7.75,8.26,3.12,4.93,2026-09-28
301377,鼎泰高科,7.75,1.36,-0.45,3.08,2026-09-28
300045,华力创通,7.75,8.43,0.45,2.15,2026-09-28
300378,鼎捷数智,7.74,5.49,0.95,4.32,2026-09-28
688560,明冠新材,7.73,4.1,1.51,3.72,2026-09-28
002355,兴民智通,7.73,12.14,0.43,2.61,2026-09-28
688049,炬芯科技,7.72,5.8,3.41,5.28,2026-09-28
603382,海阳科技,7.71,2.55,-1.1,2.2,2026-09-28
000550,江铃汽车,7.71,1.43,0.99,2.67,2026-09-28
601002,晋亿实业,7.71,3.12,0.58,2.31,2026-09-28
000807,云铝股份,7.71,2.57,4.34,6.19,2026-09-28
300046,台基股份,7.7,6.14,0.91,3.02,2026-09-28
600733,北汽蓝谷,7.7,6.95,-0.4,6.06,2026-09-28
603193,润本股份,7.7,8.2,-0.99,2.38,2026-09-28
002342,巨力索具,7.7,2.81,-2.65,5.99,2026-09-28
600770,综艺股份,7.69,4.71,4.75,8.64,2026-09-28
603045,福达合金,7.68,9.97,3.31,5.74,2026-09-28
601766,中国中车,7.68,1.76,0.0,1.8,2026-09-28
002544,普天科技,7.67,7.42,0.98,1.83,2026-09-28
300878,维康药业,7.67,1.9,0.6,4.43,2026-09-28
000936,华西股份,7.67,6.75,2.64,4.91,2026-09-28
600626,申达股份,7.67,3.82,-0.27,3.46,2026-09-28
002180,奔图科技,7.66,3.05,1.18,2.43,2026-09-28
301087,可孚医疗,7.66,1.58,-1.01,2.37,2026-09-28
600482,中国动力,7.66,1.05,0.18,4.36,2026-09-28
300779,惠城环保,7.66,9.53,-0.22,4.1,2026-09-28
688277,天智航,7.66,6.71,1.64,3.55,2026-09-28
600609,金杯汽车,7.66,7.59,0.28,3.07,2026-09-28
300891,惠云钛业,7.66,3.65,2.67,4.93,2026-09-28
688619,罗普特,7.65,3.29,2.18,4.22,2026-09-28
300118,东方日升,7.65,6.32,1.03,1.95,2026-09-28
603589,口子窖,7.65,2.66,-0.69,0.92,2026-09-28
603076,乐惠国际,7.65,4.65,1.24,2.68,2026-09-28
601939,建设银行,7.64,0.71,0.27,1.91,2026-09-28
000032,深桑达Ａ,7.64,4.01,-0.22,2.46,2026-09-28
300926,博俊科技,7.64,3.94,-1.25,2.18,2026-09-28
688008,澜起科技,7.64,5.33,1.92,5.18,2026-09-28
002597,金禾实业,7.63,3.26,1.58,2.87,2026-09-28
002085,万丰奥威,7.63,5.1,-1.08,1.94,2026-09-28
600469,风神股份,7.62,3.75,0.2,1.23,2026-09-28
301208,中亦科技,7.62,6.59,2.17,4.0,2026-09-28
002407,多氟多,7.62,6.47,0.1,1.58,2026-09-28
688443,智翔金泰,7.62,3.38,-0.41,3.92,2026-09-28
300436,广生堂,7.62,4.25,-0.93,2.18,2026-09-28
600009,上海机场,7.61,2.8,0.09,0.67,2026-09-28
600307,酒钢宏兴,7.61,1.95,1.39,2.78,2026-09-28
002060,广东建工,7.61,3.66,0.67,1.67,2026-09-28
600168,武汉控股,7.61,2.84,0.92,2.3,2026-09-28
301318,维海德,7.61,2.6,1.89,3.22,2026-09-28
300199,翰宇药业,7.61,8.72,1.74,4.38,2026-09-28
301198,喜悦智行,7.6,5.03,2.45,6.2,2026-09-28
600990,四创电子,7.59,4.64,0.46,1.89,2026-09-28
002439,启明星辰,7.59,5.98,4.11,5.64,2026-09-28
603667,五洲新春,7.58,6.1,0.85,6.88,2026-09-28
000712,锦龙股份,7.58,6.61,0.72,2.26,2026-09-28
000581,威孚高科,7.58,3.6,-0.11,0.89,2026-09-28
300047,天源迪科,7.58,6.48,1.45,2.79,2026-09-28
000572,海马汽车,7.57,3.9,1.01,5.3,2026-09-28
300682,朗新科技,7.57,6.64,-0.81,1.5,2026-09-28
601006,大秦铁路,7.57,2.09,0.43,1.08,2026-09-28
688202,美迪西,7.57,2.21,-1.27,6.75,2026-09-28
000596,古井贡酒,7.57,0.66,1.29,3.41,2026-09-28
603459,红板科技,7.56,5.99,-0.54,2.02,2026-09-28
301248,杰创智能,7.56,6.12,2.69,5.07,2026-09-28
600668,尖峰集团,7.56,7.45,0.68,1.77,2026-09-28
002434,万里扬,7.55,5.0,-0.32,1.78,2026-09-28
000158,常山北明,7.55,4.14,-0.08,1.07,2026-09-28
301279,金道科技,7.55,5.27,1.15,3.06,2026-09-28
601928,凤凰传媒,7.54,0.69,1.35,1.59,2026-09-28
002487,大金重工,7.54,3.49,3.75,14.11,2026-09-28
603179,新泉股份,7.53,7.67,-1.18,4.55,2026-09-28
688139,海尔生物,7.53,1.83,1.12,5.49,2026-09-28
000555,神州信息,7.53,4.4,2.87,4.3,2026-09-28
002969,嘉美包装,7.52,1.75,0.37,1.96,2026-09-28
601008,连云港,7.52,2.3,-1.14,2.27,2026-09-28
300332,天壕能源,7.52,4.94,-0.21,2.08,2026-09-28
301230,泓博医药,7.52,4.02,-0.92,6.82,2026-09-28
600460,士兰微,7.51,4.35,1.4,4.39,2026-09-28
301348,蓝箭电子,7.5,4.5,1.32,3.64,2026-09-28
600436,片仔癀,7.5,2.24,-1.23,1.69,2026-09-28
601969,海南矿业,7.5,1.84,0.91,1.59,2026-09-28
002367,康力电梯,7.5,3.87,7.3,9.22,2026-09-28
001339,智微智能,7.49,1.42,1.57,3.0,2026-09-28
688148,芳源股份,7.49,3.99,3.51,4.57,2026-09-28
688513,苑东生物,7.49,1.69,1.74,4.93,2026-09-28
002747,埃斯顿,7.48,3.62,-1.02,2.67,2026-09-28
002456,欧菲光,7.48,6.75,-0.46,1.23,2026-09-28
301246,宏源药业,7.48,4.68,1.35,2.87,2026-09-28
002539,云图控股,7.47,4.43,-1.61,2.89,2026-09-28
301286,侨源股份,7.47,2.6,4.13,5.55,2026-09-28
003035,南网能源,7.47,0.95,0.77,1.53,2026-09-28
603202,天有为,7.46,6.36,1.07,1.6,2026-09-28
002589,瑞康医药,7.46,5.35,-0.31,4.92,2026-09-28
000069,华侨城Ａ,7.46,3.96,5.91,5.91,2026-09-28
600846,同济科技,7.46,3.9,0.75,2.17,2026-09-28
600027,华电国际,7.46,1.15,-0.61,1.64,2026-09-28
002716,湖南白银,7.45,3.69,2.34,5.28,2026-09-28
605090,九丰能源,7.45,2.53,-2.0,2.2,2026-09-28
000682,东方电子,7.45,4.63,-0.29,1.07,2026-09-28
000951,中国重汽,7.45,1.16,0.0,2.31,2026-09-28
601899,紫金矿业,7.44,1.71,0.14,2.07,2026-09-28
688084,晶品特装,7.43,3.01,1.94,3.29,2026-09-28
002545,东方铁塔,7.43,2.07,-0.22,2.75,2026-09-28
600172,黄河旋风,7.43,3.99,-9.7,6.97,2026-09-28
002127,南极电商,7.42,6.8,1.02,3.05,2026-09-28
688126,沪硅产业,7.42,3.74,-0.71,2.6,2026-09-28
600126,杭钢股份,7.42,3.18,1.18,2.87,2026-09-28
600098,广州发展,7.41,1.09,-0.8,1.92,2026-09-28
000828,东莞控股,7.41,2.02,1.33,1.94,2026-09-28
603212,赛伍技术,7.41,3.93,0.0,3.0,2026-09-28
300357,我武生物,7.41,6.0,-0.4,3.07,2026-09-28
000722,湖南发展,7.41,3.18,-0.92,2.15,2026-09-28
300418,昆仑万维,7.41,6.66,1.46,3.25,2026-09-28
603566,普莱柯,7.4,2.55,0.79,1.38,2026-09-28
600740,山西焦化,7.4,4.1,-0.8,2.68,2026-09-28
300299,富春股份,7.4,6.14,2.08,3.97,2026-09-28
301617,博苑新材,7.4,5.41,7.17,7.41,2026-09-28
300987,川网传媒,7.4,5.43,3.84,6.05,2026-09-28
000553,安道麦A,7.39,0.98,0.19,1.3,2026-09-28
603026,石大胜华,7.39,5.34,0.96,2.01,2026-09-28
002265,建设工业,7.39,1.71,-0.26,1.79,2026-09-28
605111,新洁能,7.39,2.81,-1.18,4.42,2026-09-28
300251,光线传媒,7.39,3.73,0.55,1.93,2026-09-28
002565,顺灏股份,7.39,4.42,-2.81,4.34,2026-09-28
688298,东方生物,7.39,4.27,-0.21,2.48,2026-09-28
301007,德迈仕,7.39,8.02,4.28,6.71,2026-09-28
300690,双一科技,7.38,5.22,2.62,10.65,2026-09-28
688331,荣昌生物,7.38,2.33,1.15,4.21,2026-09-28
300880,迦南智能,7.38,4.05,0.0,2.36,2026-09-28
002097,山河智能,7.38,2.77,0.74,1.93,2026-09-28
300053,航宇微,7.38,6.55,0.09,1.8,2026-09-28
688680,海优新材,7.38,7.57,-0.52,2.73,2026-09-28
601877,正泰电器,7.37,1.84,-0.08,1.35,2026-09-28
300946,恒而达,7.37,5.27,0.44,3.55,2026-09-28
600498,烽火通信,7.37,4.75,-1.87,4.92,2026-09-28
300077,国民技术,7.36,8.61,0.0,3.37,2026-09-28
600941,中国移动,7.36,1.68,-0.36,1.23,2026-09-28
600970,中材国际,7.35,2.62,-0.39,1.04,2026-09-28
000893,亚钾国际,7.35,2.71,-0.94,3.66,2026-09-28
601127,赛力斯,7.35,4.67,3.81,5.48,2026-09-28
002773,康弘药业,7.34,3.97,5.92,8.91,2026-09-28
603915,国茂股份,7.34,3.02,1.7,3.09,2026-09-28
600720,中交设计,7.33,6.63,1.19,1.38,2026-09-28
000601,韶能股份,7.33,4.12,1.01,3.02,2026-09-28
002654,万润科技,7.33,8.38,1.2,3.36,2026-09-28
600985,淮北矿业,7.32,1.5,-2.63,5.02,2026-09-28
002481,双塔食品,7.32,4.78,-0.71,2.12,2026-09-28
300347,泰格医药,7.31,1.81,-0.58,4.14,2026-09-28
603218,日月股份,7.31,3.05,1.28,2.99,2026-09-28
600545,卓郎智能,7.31,2.84,-0.25,4.02,2026-09-28
001289,龙源电力,7.3,0.15,-0.54,0.87,2026-09-28
600580,卧龙电驱,7.3,4.73,-1.14,1.71,2026-09-28
300409,道氏技术,7.3,8.04,2.7,3.31,2026-09-28
601177,杭齿前进,7.3,3.98,0.22,2.79,2026-09-28
301638,南网数字,7.29,7.41,-0.1,1.12,2026-09-28
300369,绿盟科技,7.29,3.9,1.68,12.51,2026-09-28
601882,海天精工,7.28,0.64,-0.26,2.41,2026-09-28
300284,苏交科,7.28,4.22,1.8,2.61,2026-09-28
688116,天奈科技,7.28,8.16,4.56,5.8,2026-09-28
688579,地纬智能,7.28,6.85,1.28,2.55,2026-09-28
000528,柳    工,7.27,5.1,-0.94,1.48,2026-09-28
688019,安集科技,7.27,2.69,-0.32,2.67,2026-09-28
600032,浙江新能,7.27,0.79,9.96,7.27,2026-09-28
601699,潞安环能,7.27,1.39,-2.63,4.61,2026-09-28
688200,华峰测控,7.27,0.88,2.6,4.33,2026-09-28
301056,森赫股份,7.26,2.17,-0.31,3.52,2026-09-28
600908,无锡银行,7.26,6.18,0.69,2.24,2026-09-28
600587,新华医疗,7.25,4.31,0.16,2.66,2026-09-28
688559,海目星,7.25,5.67,-9.86,5.33,2026-09-28
688246,嘉和美康,7.25,5.47,3.12,4.54,2026-09-28
300908,仲景食品,7.25,2.74,-2.26,2.72,2026-09-28
688297,中无人机,7.24,1.81,-1.5,3.14,2026-09-28
600410,华胜天成,7.24,6.93,0.34,3.65,2026-09-28
601857,中国石油,7.24,0.07,-0.63,2.32,2026-09-28
301122,采纳股份,7.24,2.61,4.95,11.59,2026-09-28
688137,近岸蛋白,7.23,1.56,10.36,26.24,2026-09-28
600237,铜峰电子,7.23,7.38,2.85,8.09,2026-09-28
600989,宝丰能源,7.23,2.24,-0.18,3.12,2026-09-28
600515,海南机场,7.23,2.73,1.88,2.26,2026-09-28
301696,三瑞智能,7.23,10.28,-1.01,2.81,2026-09-28
601998,中信银行,7.22,0.06,-0.55,2.09,2026-09-28
688320,禾川科技,7.22,3.09,2.84,5.05,2026-09-28
002563,森马服饰,7.22,0.96,-0.37,2.03,2026-09-28
600282,南钢股份,7.22,0.8,0.0,2.03,2026-09-28
600536,中国软件,7.21,5.75,0.06,1.78,2026-09-28
300620,光库科技,7.21,2.72,2.26,4.27,2026-09-28
688361,中科飞测,7.21,0.56,-1.8,6.18,2026-09-28
601091,沈鼓集团,7.2,4.06,-9.09,7.69,2026-09-28
300394,天孚通信,7.19,2.5,4.57,6.47,2026-09-28
688046,药康生物,7.19,1.12,-0.23,6.96,2026-09-28
601126,XD四方股,7.19,5.11,2.03,4.6,2026-09-28
300158,振东制药,7.19,6.75,0.19,2.34,2026-09-28
002436,兴森科技,7.18,3.7,2.58,6.66,2026-09-28
002560,通达股份,7.18,5.99,0.15,2.15,2026-09-28
600681,百川能源,7.18,2.89,0.58,2.02,2026-09-28
000880,潍柴重机,7.17,4.96,-0.55,2.7,2026-09-28
300739,明阳电路,7.17,5.42,5.68,9.19,2026-09-28
600732,爱旭股份,7.16,6.66,-1.18,1.82,2026-09-28
605208,永茂泰,7.16,3.4,2.31,4.69,2026-09-28
000600,建投能源,7.15,3.66,-1.13,1.7,2026-09-28
002077,大港股份,7.15,2.91,-2.97,4.53,2026-09-28
000707,双环科技,7.15,5.78,1.77,3.1,2026-09-28
002941,新疆交建,7.14,3.54,1.16,2.8,2026-09-28
600028,中国石化,7.14,0.29,-2.4,2.96,2026-09-28
688027,国盾量子,7.13,4.04,-0.8,1.59,2026-09-28
002729,好利科技,7.13,6.56,2.45,3.34,2026-09-28
600131,国网信通,7.13,2.81,-0.43,1.14,2026-09-28
601615,明阳智能,7.12,5.84,2.84,4.31,2026-09-28
603993,洛阳钼业,7.12,1.43,-0.48,1.84,2026-09-28
002153,石基信息,7.11,2.28,1.51,2.47,2026-09-28
000592,平潭发展,7.11,3.63,-3.85,5.39,2026-09-28
605366,宏柏新材,7.11,3.96,-3.85,8.28,2026-09-28
001257,盛龙股份,7.11,6.85,-0.19,0.99,2026-09-28
002579,中京电子,7.1,5.41,3.47,9.36,2026-09-28
600821,金开新能,7.09,4.83,-0.35,1.57,2026-09-28
000006,深振业Ａ,7.09,6.94,4.1,4.51,2026-09-28
001280,中国铀业,7.09,6.32,-0.08,1.41,2026-09-28
300432,富临精工,7.08,3.07,1.43,2.14,2026-09-28
001221,悍高集团,7.08,4.05,-1.49,3.34,2026-09-28
688552,航天南湖,7.08,1.16,-0.03,2.86,2026-09-28
000877,天山股份,7.08,0.86,2.5,4.72,2026-09-28
301016,雷尔伟,7.08,3.72,1.06,4.24,2026-09-28
300457,赢合科技,7.07,6.69,4.09,4.05,2026-09-28
300294,博雅生物,7.07,5.76,-0.35,1.95,2026-09-28
688122,西部超导,7.06,5.45,5.42,6.19,2026-09-28
002409,雅克科技,7.06,6.85,-0.12,2.07,2026-09-28
002039,黔源电力,7.05,3.01,-2.0,2.77,2026-09-28
600305,恒顺醋业,7.05,2.17,-0.3,1.05,2026-09-28
300940,南极光,7.05,7.89,2.1,2.7,2026-09-28
300333,兆日科技,7.04,5.37,0.98,3.37,2026-09-28
002294,信立泰,7.04,2.94,0.3,2.31,2026-09-28
301408,华人健康,7.04,4.12,0.69,3.64,2026-09-28
688108,赛诺医疗,7.04,11.29,-0.88,3.52,2026-09-28
300130,新国都,7.04,10.13,2.21,3.12,2026-09-28
002567,唐人神,7.04,5.67,0.83,2.48,2026-09-28
002437,誉衡药业,7.03,5.61,0.58,5.8,2026-09-28
603758,秦安股份,7.03,2.36,0.47,2.98,2026-09-28
605399,晨光新材,7.02,2.24,-0.59,4.66,2026-09-28
301190,善水科技,7.02,1.77,20.0,21.8,2026-09-28
603883,老百姓,7.02,2.78,-0.92,1.46,2026-09-28
600348,华阳股份,7.01,2.89,-1.91,4.05,2026-09-28
301448,开创电气,7.01,2.8,-0.36,4.75,2026-09-28
002182,宝武镁业,7.0,7.56,0.64,1.82,2026-09-28
603308,应流股份,7.0,2.32,0.63,2.24,2026-09-28
000029,深深房Ａ,7.0,3.04,2.55,4.73,2026-09-28
000815,美利云,6.99,3.79,-0.82,1.65,2026-09-28
002250,联化科技,6.99,7.24,-1.56,3.75,2026-09-28
603107,上海汽配,6.99,4.5,-1.54,1.3,2026-09-28
000157,中联重科,6.98,6.61,-0.68,1.36,2026-09-28
688266,泽璟制药,6.97,1.43,-0.47,3.87,2026-09-28
600023,浙能电力,6.97,0.43,-0.19,1.93,2026-09-28
002413,雷科防务,6.96,4.34,-4.36,4.25,2026-09-28
601360,三六零,6.96,3.29,1.9,3.91,2026-09-28
688313,仕佳光子,6.96,2.91,5.64,7.42,2026-09-28
000552,甘肃能化,6.94,4.2,0.82,1.64,2026-09-28
600467,好当家,6.94,3.46,0.41,2.49,2026-09-28
688205,德科立,6.93,4.39,8.33,10.61,2026-09-28
688272,富吉瑞,6.93,2.66,-0.24,3.92,2026-09-28
301162,国能日新,6.92,3.42,2.02,4.07,2026-09-28
002756,永兴材料,6.92,3.92,2.06,3.41,2026-09-28
300850,新强联,6.92,5.83,5.89,9.33,2026-09-28
000767,晋控电力,6.91,2.66,0.31,2.45,2026-09-28
002639,雪人集团,6.91,5.39,-2.81,5.4,2026-09-28
603259,药明康德,6.9,1.19,-0.7,4.46,2026-09-28
601727,上海电气,6.9,2.82,-0.47,1.09,2026-09-28
601890,亚星锚链,6.89,3.63,0.33,2.07,2026-09-28
688630,芯碁微装,6.89,1.75,-0.03,2.8,2026-09-28
603871,嘉友国际,6.89,0.89,-1.17,3.01,2026-09-28
300896,爱美客,6.89,4.62,0.33,2.72,2026-09-28
688095,福昕软件,6.88,4.28,1.62,3.75,2026-09-28
301197,工大科雅,6.88,3.96,0.8,5.72,2026-09-28
000825,太钢不锈,6.87,2.18,1.52,2.42,2026-09-28
002532,天山铝业,6.87,1.67,3.91,6.3,2026-09-28
600928,西安银行,6.86,1.03,0.87,1.74,2026-09-28
603128,华贸物流,6.86,2.45,0.56,2.45,2026-09-28
300956,英力股份,6.86,5.22,2.63,4.08,2026-09-28
000042,中洲控股,6.85,2.45,1.72,3.68,2026-09-28
600208,衢州发展,6.85,4.9,3.2,3.91,2026-09-28
688248,南网科技,6.85,1.31,6.53,9.32,2026-09-28
301005,超捷股份,6.84,4.68,-1.7,3.03,2026-09-28
301051,信濠光电,6.84,5.04,3.12,4.74,2026-09-28
002653,海思科,6.84,0.56,2.01,4.38,2026-09-28
301077,星华新材,6.84,6.82,0.56,2.67,2026-09-28
600210,紫江企业,6.84,4.0,0.97,1.61,2026-09-28
301331,恩威医药,6.84,2.05,1.17,2.81,2026-09-28
600694,大商股份,6.83,4.01,-0.21,1.05,2026-09-28
002016,世荣兆业,6.83,3.68,4.99,5.21,2026-09-28
002181,粤 传 媒,6.83,1.95,3.57,8.75,2026-09-28
688691,灿芯股份,6.83,9.88,1.59,4.2,2026-09-28
002073,软控股份,6.83,7.23,1.08,1.97,2026-09-28
600583,海油工程,6.83,2.86,0.46,3.08,2026-09-28
600886,国投电力,6.82,0.37,-1.17,1.96,2026-09-28
300456,赛微电子,6.81,7.67,3.79,6.76,2026-09-28
002174,游族网络,6.81,7.52,1.21,7.48,2026-09-28
688657,浩辰软件,6.81,3.78,1.38,2.61,2026-09-28
301153,中科江南,6.8,3.2,1.95,3.25,2026-09-28
688505,复旦张江,6.8,2.27,-0.6,3.5,2026-09-28
300493,润欣科技,6.79,6.09,1.26,4.63,2026-09-28
301632,广东建科,6.79,5.52,2.09,2.79,2026-09-28
688153,唯捷创芯,6.78,2.15,-0.19,2.0,2026-09-28
300188,国投智能,6.78,4.21,1.03,3.57,2026-09-28
000883,湖北能源,6.78,1.28,-0.23,0.92,2026-09-28
603730,岱美股份,6.78,2.08,3.22,4.72,2026-09-28
000831,中国稀土,6.77,6.1,1.8,4.55,2026-09-28
002044,美年健康,6.75,4.02,1.36,2.49,2026-09-28
688002,睿创微纳,6.75,1.93,0.51,2.58,2026-09-28
688758,赛分科技,6.74,2.51,-3.84,8.13,2026-09-28
600301,华锡有色,6.74,1.37,0.93,3.49,2026-09-28
600916,中国黄金,6.74,2.42,0.56,1.69,2026-09-28
300999,金龙鱼,6.74,7.63,-0.87,1.41,2026-09-28
000683,博源化工,6.74,5.41,1.64,2.19,2026-09-28
600026,中远海能,6.73,2.1,-4.52,4.66,2026-09-28
000661,长春高新,6.73,6.07,0.07,2.88,2026-09-28
600963,岳阳林纸,6.73,4.53,1.21,2.73,2026-09-28
000860,顺鑫农业,6.72,3.99,-0.2,1.19,2026-09-28
000560,我爱我家,6.71,5.09,1.35,10.51,2026-09-28
603556,海兴电力,6.71,2.16,-0.71,1.6,2026-09-28
300579,数字认证,6.71,2.87,0.89,3.26,2026-09-28
600722,金牛化工,6.7,1.99,-3.32,4.64,2026-09-28
603067,振华股份,6.7,2.53,-0.6,5.19,2026-09-28
300655,晶瑞电材,6.7,5.32,-1.17,2.27,2026-09-28
301029,怡合达,6.7,3.14,-0.49,2.22,2026-09-28
600120,浙江东方,6.69,4.14,1.09,2.18,2026-09-28
300932,三友联众,6.69,3.45,2.04,4.35,2026-09-28
300873,海晨股份,6.69,3.76,2.24,6.72,2026-09-28
002045,国光电器,6.69,5.27,1.74,2.9,2026-09-28
688186,广大特材,6.69,11.12,-0.35,2.11,2026-09-28
688536,思瑞浦,6.68,2.09,-1.44,5.17,2026-09-28
600196,复星医药,6.68,4.28,0.65,3.61,2026-09-28
603032,德新科技,6.67,4.46,1.38,3.04,2026-09-28
600959,江苏有线,6.67,3.63,2.64,3.96,2026-09-28
001365,天海电子,6.67,5.58,-0.85,2.15,2026-09-28
000868,安凯客车,6.67,4.52,0.0,8.37,2026-09-28
600198,大唐电信,6.67,0.61,0.28,1.52,2026-09-28
000030,富奥股份,6.66,2.09,0.78,1.55,2026-09-28
603198,迎驾贡酒,6.66,0.38,0.94,1.81,2026-09-28
688655,迅捷兴,6.66,3.62,20.01,22.23,2026-09-28
603618,杭电股份,6.66,3.5,1.2,3.66,2026-09-28
300750,宁德时代,6.66,1.96,-1.78,2.55,2026-09-28
000902,新洋丰,6.66,1.29,-1.76,2.43,2026-09-28
688720,艾森股份,6.65,7.7,3.29,6.48,2026-09-28
000869,张  裕Ａ,6.65,2.38,-1.7,3.34,2026-09-28
301358,湖南裕能,6.65,4.83,2.16,2.73,2026-09-28
000681,视觉中国,6.64,7.29,1.67,3.78,2026-09-28
000830,鲁西化工,6.63,2.6,-0.88,1.24,2026-09-28
001328,登康口腔,6.63,0.6,-0.23,1.93,2026-09-28
000034,神州数码,6.63,8.15,4.32,5.99,2026-09-28
000607,华媒控股,6.63,5.81,10.13,11.2,2026-09-28
603178,圣龙股份,6.63,2.3,1.11,4.8,2026-09-28
688030,山石网科,6.62,2.16,2.11,5.01,2026-09-28
002054,德美化工,6.62,4.22,1.0,2.0,2026-09-28
301109,军信股份,6.61,1.47,1.27,1.75,2026-09-28
301132,满坤科技,6.6,2.94,10.3,15.44,2026-09-28
000625,长安汽车,6.6,3.53,0.14,1.7,2026-09-28
688577,浙海德曼,6.59,3.14,-2.42,3.74,2026-09-28
301357,北方长龙,6.59,2.19,1.28,3.36,2026-09-28
002160,常铝股份,6.59,3.5,2.63,3.68,2026-09-28
688091,上海谊众,6.59,8.95,-1.17,2.55,2026-09-28
603456,九洲药业,6.59,2.71,-0.97,3.53,2026-09-28
301608,博实结,6.58,3.7,2.09,5.78,2026-09-28
300663,科蓝软件,6.58,9.28,0.13,1.88,2026-09-28
301699,洛轴股份,6.58,3.97,-7.3,12.68,2026-09-28
002832,比音勒芬,6.57,3.63,1.24,3.28,2026-09-28
000738,航发控制,6.57,3.82,-0.8,2.92,2026-09-28
600763,通策医疗,6.57,4.82,-0.78,2.25,2026-09-28
601069,西部黄金,6.57,1.7,1.59,3.55,2026-09-28
600548,深高速,6.56,0.43,1.26,1.76,2026-09-28
688799,华纳药厂,6.56,3.54,2.89,7.04,2026-09-28
600161,天坛生物,6.56,5.11,-0.82,1.64,2026-09-28
688256,寒武纪,6.56,2.71,2.55,3.94,2026-09-28
600163,中闽能源,6.55,2.7,3.16,6.51,2026-09-28
603659,璞泰来,6.55,2.23,2.26,3.41,2026-09-28
600572,康恩贝,6.55,3.86,-0.24,1.88,2026-09-28
300910,瑞丰新材,6.55,2.74,2.93,3.85,2026-09-28
300755,华致酒行,6.54,2.07,-0.27,2.34,2026-09-28
001896,豫能控股,6.54,2.52,-2.37,3.13,2026-09-28
300133,华策影视,6.53,6.99,4.35,5.03,2026-09-28
688146,中船特气,6.52,7.52,-3.89,5.33,2026-09-28
601778,晶科科技,6.52,4.67,1.2,2.69,2026-09-28
000993,闽东电力,6.52,4.7,-6.38,9.43,2026-09-28
002896,中大力德,6.52,3.9,-3.87,4.14,2026-09-28
600716,凤凰股份,6.51,5.41,1.88,3.49,2026-09-28
300681,英搏尔,6.51,9.01,3.49,5.47,2026-09-28
002657,中科金财,6.5,8.99,2.48,4.55,2026-09-28
605277,新亚电子,6.49,2.73,2.22,3.54,2026-09-28
000002,万  科Ａ,6.49,5.87,9.97,9.97,2026-09-28
002129,TCL中环,6.49,8.37,-0.11,3.73,2026-09-28
601658,邮储银行,6.49,0.17,1.69,2.44,2026-09-28
002375,亚厦股份,6.49,4.12,2.39,4.51,2026-09-28
601816,京沪高铁,6.48,0.37,-1.67,2.51,2026-09-28
002351,漫步者,6.48,3.75,0.0,1.52,2026-09-28
300324,旋极信息,6.48,6.67,-0.26,2.88,2026-09-28
600132,重庆啤酒,6.47,2.18,-0.9,1.25,2026-09-28
300085,银之杰,6.47,6.44,0.58,3.02,2026-09-28
600879,航天电子,6.47,4.49,-1.3,2.82,2026-09-28
301531,春光集团,6.47,9.32,1.43,6.35,2026-09-28
688772,珠海冠宇,6.47,4.79,2.24,3.1,2026-09-28
688382,益方生物,6.46,1.14,3.12,8.9,2026-09-28
300529,健帆生物,6.46,6.73,-0.47,1.27,2026-09-28
300223,君正股份,6.46,5.55,1.77,4.23,2026-09-28
603043,广州酒家,6.45,1.65,-0.69,1.92,2026-09-28
002156,通富微电,6.45,4.57,2.48,4.91,2026-09-28
002167,东方锆业,6.45,4.37,2.57,4.74,2026-09-28
301592,六九一二,6.44,6.48,-2.42,4.93,2026-09-28
000401,金隅冀东,6.44,3.07,2.28,2.56,2026-09-28
301391,卡莱特,6.43,2.08,0.64,2.95,2026-09-28
301301,川宁生物,6.42,8.41,0.37,2.12,2026-09-28
600688,上海石化,6.42,1.49,0.37,1.1,2026-09-28
600036,招商银行,6.41,1.16,-0.32,1.38,2026-09-28
688500,慧辰股份,6.41,8.84,2.15,4.21,2026-09-28
688709,成都华微,6.41,5.54,1.85,3.94,2026-09-28
600639,浦东金桥,6.4,2.02,1.56,1.87,2026-09-28
002126,银轮股份,6.4,2.06,-0.49,2.82,2026-09-28
600674,川投能源,6.39,0.73,-0.36,1.63,2026-09-28
301631,壹连科技,6.38,6.75,2.57,4.13,2026-09-28
002332,仙琚制药,6.38,3.63,-0.81,1.62,2026-09-28
600529,山东药玻,6.38,5.7,-1.37,1.7,2026-09-28
688336,三生国健,6.37,1.29,3.78,3.98,2026-09-28
002080,中材科技,6.37,1.83,3.92,5.2,2026-09-28
301270,汉仪股份,6.37,7.9,3.06,4.3,2026-09-28
000997,新 大 陆,6.37,4.54,0.63,2.03,2026-09-28
000723,美锦能源,6.37,4.46,0.87,2.62,2026-09-28
688339,亿华通,6.36,6.65,7.73,13.63,2026-09-28
601598,中国外运,6.36,0.26,1.36,2.42,2026-09-28
002050,三花智控,6.35,3.97,0.59,3.16,2026-09-28
002931,锋龙股份,6.35,1.26,0.33,2.7,2026-09-28
300672,国科微,6.35,6.94,6.08,7.94,2026-09-28
300888,稳健医疗,6.35,1.93,-1.23,1.68,2026-09-28
300548,长芯博创,6.35,3.23,2.36,6.15,2026-09-28
301218,华是科技,6.34,4.73,13.18,20.62,2026-09-28
600744,华银电力,6.34,2.01,-0.5,1.99,2026-09-28
002421,达实智能,6.34,3.75,2.56,5.43,2026-09-28
300408,三环集团,6.34,1.39,2.67,4.41,2026-09-28
002507,涪陵榨菜,6.33,5.0,-0.09,0.81,2026-09-28
603766,隆鑫通用,6.32,0.55,-2.13,3.65,2026-09-28
688302,海创药业,6.32,9.52,1.32,4.58,2026-09-28
688167,炬光科技,6.31,4.35,3.05,6.57,2026-09-28
600588,用友网络,6.31,4.39,1.54,2.85,2026-09-28
603098,森特股份,6.3,1.65,1.99,2.66,2026-09-28
601600,中国铝业,6.3,3.1,3.0,3.46,2026-09-28
300015,爱尔眼科,6.3,3.03,-0.13,1.27,2026-09-28
688488,艾迪药业,6.3,1.8,2.74,7.71,2026-09-28
600067,冠城新材,6.29,5.75,1.55,2.71,2026-09-28
301027,华蓝集团,6.28,8.31,-1.92,3.35,2026-09-28
603897,长城科技,6.28,3.09,2.22,4.83,2026-09-28
688012,中微公司,6.27,1.49,0.09,2.63,2026-09-28
300957,贝泰妮,6.26,3.54,-0.43,1.94,2026-09-28
000811,冰轮环境,6.25,1.81,-0.05,3.83,2026-09-28
688616,西力科技,6.25,2.87,1.55,3.64,2026-09-28
688717,艾罗能源,6.25,8.11,1.31,2.52,2026-09-28
688237,超卓航科,6.24,2.46,0.78,2.92,2026-09-28
600741,华域汽车,6.24,1.28,1.34,1.8,2026-09-28
002229,鸿博股份,6.24,6.85,-0.49,1.85,2026-09-28
300395,菲利华,6.24,6.18,4.76,7.29,2026-09-28
601019,山东出版,6.24,0.6,1.35,2.25,2026-09-28
300364,中文在线,6.23,6.44,3.54,5.62,2026-09-28
688009,中国通号,6.22,1.15,-0.43,0.86,2026-09-28
300666,江丰电子,6.22,3.0,-0.99,2.73,2026-09-28
000937,冀中能源,6.22,0.96,-0.46,1.6,2026-09-28
601919,中远海控,6.22,1.73,-0.79,2.49,2026-09-28
002745,木林森,6.21,8.3,5.14,8.24,2026-09-28
002099,海翔药业,6.21,9.07,0.0,4.83,2026-09-28
000762,西藏矿业,6.21,5.79,1.69,2.48,2026-09-28
300122,智飞生物,6.2,5.77,1.16,3.48,2026-09-28
603000,人民网,6.2,2.66,2.08,2.7,2026-09-28
300882,万胜智能,6.2,2.6,0.99,2.07,2026-09-28
600167,联美控股,6.2,4.75,0.73,1.82,2026-09-28
603876,鼎胜新材,6.2,1.52,1.77,3.25,2026-09-28
002594,比亚迪,6.2,4.49,-1.6,2.06,2026-09-28
300612,宣亚国际,6.2,5.82,3.67,5.84,2026-09-28
002117,东港股份,6.2,7.71,0.26,1.54,2026-09-28
002733,雄韬股份,6.19,6.16,2.6,3.43,2026-09-28
688155,先惠技术,6.18,5.06,6.63,7.14,2026-09-28
000403,派林生物,6.17,5.02,-0.61,1.73,2026-09-28
688690,纳微科技,6.17,1.83,-1.91,4.53,2026-09-28
600838,上海九百,6.17,4.91,0.12,1.84,2026-09-28
001367,海森药业,6.16,2.65,3.49,4.85,2026-09-28
688349,三一重能,6.16,1.07,2.18,3.42,2026-09-28
002460,赣锋锂业,6.16,7.5,3.53,4.03,2026-09-28
002123,梦网科技,6.16,5.56,1.73,3.59,2026-09-28
000593,德龙汇能,6.16,8.43,-6.63,7.33,2026-09-28
000676,智度股份,6.15,5.62,4.4,6.91,2026-09-28
601112,振石股份,6.15,5.24,-0.43,1.71,2026-09-28
300014,亿纬锂能,6.15,4.67,2.12,2.35,2026-09-28
301611,珂玛科技,6.14,3.55,-1.03,4.08,2026-09-28
601997,贵阳银行,6.14,6.86,1.65,2.19,2026-09-28
600979,广安爱众,6.14,4.9,0.78,2.07,2026-09-28
688280,精进电动,6.14,6.2,2.67,4.52,2026-09-28
300725,药石科技,6.14,5.7,1.26,8.76,2026-09-28
601011,宝泰隆,6.13,2.87,0.35,3.85,2026-09-28
600477,杭萧钢构,6.13,3.7,1.69,2.95,2026-09-28
601179,中国西电,6.13,2.3,-0.61,1.31,2026-09-28
002648,卫星化学,6.13,1.58,-3.32,4.74,2026-09-28
002176,江特电机,6.13,7.9,1.49,2.97,2026-09-28
601158,重庆水务,6.13,0.66,0.76,1.01,2026-09-28
600199,金种子酒,6.13,3.89,0.88,2.93,2026-09-28
600141,兴发集团,6.13,4.84,-2.11,3.4,2026-09-28
601799,星宇股份,6.13,1.99,0.77,1.76,2026-09-28
601865,福莱特,6.12,1.9,0.0,1.32,2026-09-28
600273,XD嘉化能,6.12,3.47,-0.33,0.98,2026-09-28
000557,西部创业,6.11,3.93,1.12,1.96,2026-09-28
688600,皖仪科技,6.11,2.13,0.58,4.69,2026-09-28
601609,金田股份,6.11,1.03,1.16,4.38,2026-09-28
002938,鹏鼎控股,6.11,0.78,0.36,2.12,2026-09-28
000008,神州高铁,6.1,3.23,1.7,2.98,2026-09-28
300498,温氏股份,6.1,0.83,1.14,2.01,2026-09-28
002256,兆新股份,6.1,5.73,0.32,2.24,2026-09-28
300094,国联水产,6.1,4.19,0.35,2.79,2026-09-28
003039,顺控发展,6.1,1.76,-0.08,1.68,2026-09-28
300573,兴齐眼药,6.09,9.0,0.31,2.59,2026-09-28
300879,大叶股份,6.09,5.15,0.0,3.75,2026-09-28
600121,郑州煤电,6.09,2.42,4.51,7.25,2026-09-28
301367,瑞迈特,6.08,2.99,0.47,2.52,2026-09-28
301373,凌玮科技,6.08,4.59,7.96,15.01,2026-09-28
600900,长江电力,6.08,1.79,-0.6,1.05,2026-09-28
601900,南方传媒,6.08,1.41,2.86,5.64,2026-09-28
002523,天桥起重,6.07,4.68,1.18,2.65,2026-09-28
000534,万泽股份,6.07,1.86,0.73,3.26,2026-09-28
000631,顺发恒能,6.06,2.0,2.7,3.04,2026-09-28
688244,永信至诚,6.05,2.92,7.27,22.22,2026-09-28
600422,昆药集团,6.05,4.2,-0.37,1.25,2026-09-28
000538,云南白药,6.05,1.03,-0.18,0.97,2026-09-28
000739,普洛药业,6.04,0.47,-0.93,7.2,2026-09-28
688188,柏楚电子,6.04,0.86,2.04,2.46,2026-09-28
600546,山煤国际,6.04,2.42,-1.66,4.16,2026-09-28
688045,必易微,6.04,2.04,0.79,2.93,2026-09-28
603565,中谷物流,6.03,0.66,-0.7,2.0,2026-09-28
600295,鄂尔多斯,6.03,0.31,0.63,2.19,2026-09-28
600398,海澜之家,6.02,0.57,-0.35,1.06,2026-09-28
002063,远光软件,6.02,6.7,0.77,1.73,2026-09-28
300558,贝达药业,6.01,3.24,2.62,7.13,2026-09-28
688081,兴图新科,6.01,4.6,0.36,3.36,2026-09-28
000700,模塑科技,6.01,4.8,1.24,6.36,2026-09-28
601319,中国人保,6.01,0.43,0.75,2.25,2026-09-28
603085,天成自控,6.0,5.42,0.62,2.58,2026-09-28
603317,天味食品,6.0,0.61,-1.35,1.83,2026-09-28
002383,合众思壮,6.0,2.98,-0.25,5.06,2026-09-28
688220,翱捷科技,6.0,1.31,1.42,3.58,2026-09-28
603127,昭衍新药,5.99,2.1,-1.36,6.12,2026-09-28
000099,中信海直,5.99,5.35,-1.41,2.12,2026-09-28
600252,中恒集团,5.99,4.44,0.0,3.23,2026-09-28
603171,税友股份,5.99,0.92,1.45,3.51,2026-09-28
301313,凡拓数创,5.98,5.91,2.52,3.51,2026-09-28
600750,华润江中,5.98,1.06,-0.54,2.27,2026-09-28
300906,日月明,5.97,2.4,1.46,2.84,2026-09-28
600257,大湖股份,5.97,4.58,-0.37,1.46,2026-09-28
002624,完美世界,5.97,4.04,2.13,3.31,2026-09-28
002412,汉森制药,5.96,3.73,-0.23,7.47,2026-09-28
002010,传化智联,5.96,4.19,2.24,2.91,2026-09-28
300287,飞利信,5.96,5.12,1.7,3.68,2026-09-28
002139,拓邦股份,5.95,6.69,-0.21,1.67,2026-09-28
301150,中一科技,5.95,3.57,5.54,9.04,2026-09-28
301551,无线传媒,5.95,7.6,1.97,3.54,2026-09-28
002378,章源钨业,5.94,3.78,-0.37,1.4,2026-09-28
601288,农业银行,5.94,0.04,1.17,2.62,2026-09-28
688221,前沿生物,5.93,3.32,0.67,5.89,2026-09-28
002916,深南电路,5.93,0.57,1.25,3.66,2026-09-28
300100,双林股份,5.93,5.51,2.96,7.29,2026-09-28
603228,景旺电子,5.92,1.97,5.82,9.17,2026-09-28
002493,荣盛石化,5.92,0.6,-3.21,5.11,2026-09-28
605011,XD杭州热,5.91,1.12,0.58,4.44,2026-09-28
001914,招商积余,5.9,1.61,3.31,3.42,2026-09-28
000558,天府文旅,5.9,2.41,1.14,1.99,2026-09-28
688719,爱科赛博,5.89,3.46,3.48,9.71,2026-09-28
600395,盘江股份,5.89,3.77,-1.39,3.19,2026-09-28
002526,山东矿机,5.88,4.54,1.17,2.73,2026-09-28
600512,腾达建设,5.88,8.01,1.95,2.93,2026-09-28
001872,招商港口,5.88,0.16,1.16,3.98,2026-09-28
688085,三友医疗,5.87,2.31,1.29,3.12,2026-09-28
002233,塔牌集团,5.87,1.83,0.15,1.05,2026-09-28
600151,航天机电,5.86,5.35,-0.44,1.96,2026-09-28
688335,复洁科技,5.86,4.64,2.06,6.87,2026-09-28
000812,陕西金叶,5.86,6.54,1.63,3.53,2026-09-28
300012,华测检测,5.85,2.57,-1.23,2.9,2026-09-28
600400,红豆股份,5.85,2.58,-0.3,2.11,2026-09-28
002007,华兰生物,5.84,5.44,-1.29,2.05,2026-09-28
000070,特发信息,5.84,1.79,0.25,6.07,2026-09-28
002192,融捷股份,5.84,7.94,1.57,2.91,2026-09-28
603049,中策橡胶,5.83,0.88,-0.84,1.33,2026-09-28
002125,湘潭电化,5.83,5.37,2.23,2.75,2026-09-28
002796,世嘉科技,5.83,7.81,1.41,5.3,2026-09-28
600315,上海家化,5.82,3.59,-1.39,2.51,2026-09-28
301584,建发致新,5.81,1.46,-1.91,2.19,2026-09-28
600211,西藏药业,5.81,2.35,-0.56,1.59,2026-09-28
002121,科陆电子,5.8,7.2,-0.24,2.42,2026-09-28
300474,景嘉微,5.8,6.39,-1.15,2.17,2026-09-28
600693,东百集团,5.8,1.24,-1.83,3.77,2026-09-28
603125,常青科技,5.8,2.14,-1.56,6.68,2026-09-28
301068,大地海洋,5.79,2.45,-0.84,3.02,2026-09-28
301520,万邦医药,5.79,6.59,-0.03,10.41,2026-09-28
600509,天富能源,5.78,5.99,1.84,3.69,2026-09-28
300936,中英科技,5.78,9.16,2.26,6.53,2026-09-28
000921,海信家电,5.77,1.2,0.0,2.3,2026-09-28
000975,山金国际,5.77,1.58,0.63,2.98,2026-09-28
301048,金鹰重工,5.77,2.42,1.68,2.81,2026-09-28
300671,富满微,5.76,5.21,3.43,7.21,2026-09-28
688281,华秦科技,5.75,2.07,0.2,4.13,2026-09-28
300128,锦富技术,5.74,5.81,2.14,4.28,2026-09-28
301366,一博科技,5.74,3.48,9.09,10.47,2026-09-28
603393,新天然气,5.74,2.96,-1.49,2.25,2026-09-28
002709,天赐材料,5.74,6.29,2.0,2.63,2026-09-28
603786,科博达,5.73,1.17,1.01,2.83,2026-09-28
002036,联创电子,5.73,9.28,0.84,3.02,2026-09-28
300905,宝丽迪,5.73,5.94,8.81,12.75,2026-09-28
603583,捷昌驱动,5.73,3.11,-0.53,2.28,2026-09-28
301040,中环海陆,5.73,4.22,1.62,3.83,2026-09-28
600644,乐山电力,5.72,3.17,0.0,3.61,2026-09-28
688198,佰仁医疗,5.72,1.98,-2.36,3.37,2026-09-28
600123,兰花科创,5.71,3.67,-2.3,3.73,2026-09-28
600338,西藏珠峰,5.71,6.75,2.76,2.93,2026-09-28
002466,天齐锂业,5.71,5.19,2.89,3.04,2026-09-28
300415,伊之密,5.71,4.2,0.96,1.59,2026-09-28
300276,三丰智能,5.71,3.06,0.64,7.22,2026-09-28
601828,美凯龙,5.7,2.56,3.3,4.25,2026-09-28
601825,沪农商行,5.7,0.12,-0.35,1.97,2026-09-28
002267,陕天然气,5.7,2.69,0.0,0.98,2026-09-28
688670,金迪克,5.7,1.64,0.66,6.23,2026-09-28
600325,华发股份,5.7,6.3,10.07,10.07,2026-09-28
688789,宏华数科,5.69,1.75,3.18,4.11,2026-09-28
688370,丛麟科技,5.69,1.64,0.28,4.62,2026-09-28
600318,新力金融,5.69,7.38,0.88,2.36,2026-09-28
300146,汤臣倍健,5.69,7.86,0.32,1.08,2026-09-28
600195,中牧股份,5.69,2.58,-0.45,1.65,2026-09-28
603803,瑞斯康达,5.68,3.92,2.52,9.99,2026-09-28
600188,兖矿能源,5.68,0.45,-1.03,3.49,2026-09-28
002326,永太科技,5.67,7.66,1.06,2.94,2026-09-28
002408,齐翔腾达,5.67,2.91,-2.68,3.06,2026-09-28
002792,通宇通讯,5.67,5.43,-0.43,4.67,2026-09-28
600192,长城电工,5.67,4.92,1.26,3.07,2026-09-28
300298,三诺生物,5.66,3.16,-0.56,1.67,2026-09-28
002400,省广集团,5.65,6.48,3.51,4.31,2026-09-28
300983,尤安设计,5.65,1.41,1.85,3.49,2026-09-28
000088,盐 田 港,5.65,1.37,1.31,2.63,2026-09-28
301258,富士莱,5.65,2.22,2.46,4.35,2026-09-28
002213,大为股份,5.64,2.17,0.29,5.37,2026-09-28
002575,群兴玩具,5.63,3.63,1.2,3.01,2026-09-28
002293,罗莱生活,5.62,1.31,-0.66,2.16,2026-09-28
002240,盛新锂能,5.62,4.75,2.5,3.27,2026-09-28
300965,恒宇信通,5.62,1.3,0.76,3.68,2026-09-28
002251,步步高,5.61,4.26,1.19,2.09,2026-09-28
000039,中集集团,5.61,1.34,-0.23,1.98,2026-09-28
301368,丰立智能,5.61,3.93,2.28,5.0,2026-09-28
300316,晶盛机电,5.6,2.18,-0.96,3.34,2026-09-28
688275,万润新能,5.59,8.0,6.02,7.67,2026-09-28
002455,百川股份,5.59,5.3,2.26,4.66,2026-09-28
300846,首都在线,5.59,8.63,0.64,3.01,2026-09-28
688052,纳芯微,5.59,4.78,-2.35,5.4,2026-09-28
301200,大族数控,5.58,0.4,-1.06,2.49,2026-09-28
600620,天宸股份,5.58,7.38,1.16,3.49,2026-09-28
603920,世运电路,5.58,4.82,7.15,8.5,2026-09-28
300885,海昌新材,5.57,4.63,0.0,2.32,2026-09-28
688646,逸飞激光,5.57,4.21,-0.99,4.22,2026-09-28
600594,益佰制药,5.57,7.96,0.0,4.44,2026-09-28
000537,绿发电力,5.57,2.79,0.14,1.79,2026-09-28
300921,南凌科技,5.57,4.3,4.73,6.97,2026-09-28
600037,歌华有线,5.57,4.86,1.73,2.31,2026-09-28
002028,思源电气,5.56,1.45,-0.21,3.29,2026-09-28
000009,中国宝安,5.56,10.38,1.48,2.81,2026-09-28
002354,天娱数科,5.56,5.0,1.26,2.8,2026-09-28
000159,国际实业,5.56,4.93,0.18,1.82,2026-09-28
300978,东箭科技,5.56,5.99,1.26,2.63,2026-09-28
301290,东星医疗,5.55,2.63,1.52,2.8,2026-09-28
300377,赢时胜,5.54,7.98,2.13,3.5,2026-09-28
600333,长春燃气,5.54,1.6,0.45,1.79,2026-09-28
000629,钒钛股份,5.53,2.71,0.36,1.81,2026-09-28
601702,华峰铝业,5.53,1.48,0.27,1.62,2026-09-28
000566,海南海药,5.53,3.69,-0.65,3.66,2026-09-28
603626,科森科技,5.52,7.2,6.27,11.29,2026-09-28
600779,水井坊,5.52,2.0,-0.96,2.19,2026-09-28
002574,明牌珠宝,5.51,4.06,2.23,4.66,2026-09-28
601218,吉鑫科技,5.51,4.11,1.32,14.05,2026-09-28
600901,江苏金租,5.5,0.38,0.15,1.75,2026-09-28
301239,普瑞眼科,5.5,2.18,0.03,4.07,2026-09-28
600872,中炬高新,5.49,4.33,-1.69,1.93,2026-09-28
600810,神马股份,5.49,2.67,-1.43,1.58,2026-09-28
002004,华邦健康,5.49,4.31,-0.93,2.09,2026-09-28
600106,重庆路桥,5.49,7.98,3.25,5.34,2026-09-28
300866,安克创新,5.49,0.75,2.91,5.24,2026-09-28
688029,南微医学,5.47,2.87,2.39,5.69,2026-09-28
603877,太平鸟,5.47,1.82,0.17,1.02,2026-09-28
301039,中集车辆,5.47,2.06,-1.52,2.34,2026-09-28
603489,八方股份,5.46,1.35,-1.23,2.35,2026-09-28
600550,保变电气,5.46,2.26,-0.2,1.39,2026-09-28
002299,圣农发展,5.46,1.49,-1.84,2.34,2026-09-28
300487,蓝晓科技,5.46,1.42,0.1,2.72,2026-09-28
601226,华电科工,5.46,2.16,1.4,2.8,2026-09-28
600640,国脉文化,5.45,2.03,1.12,4.65,2026-09-28
000036,华联控股,5.45,5.15,9.92,8.36,2026-09-28
002303,美盈森,5.44,5.23,10.02,10.34,2026-09-28
603918,金桥信息,5.44,3.13,3.22,4.19,2026-09-28
300869,康泰医学,5.43,4.18,-0.09,2.03,2026-09-28
600578,京能电力,5.42,0.67,-0.77,1.54,2026-09-28
600729,重百集团,5.41,4.79,-0.82,1.65,2026-09-28
000425,徐工机械,5.41,1.59,-0.14,1.56,2026-09-28
300255,常山药业,5.41,6.35,-1.51,4.41,2026-09-28
000058,深 赛 格,5.41,2.07,2.39,3.65,2026-09-28
603018,华设集团,5.4,5.59,0.78,1.74,2026-09-28
601999,出版传媒,5.4,4.1,7.74,10.22,2026-09-28
600143,金发科技,5.4,4.55,-1.09,1.48,2026-09-28
300972,万辰集团,5.39,1.25,-3.28,3.71,2026-09-28
002311,海大集团,5.39,0.31,-0.43,1.91,2026-09-28
688180,君实生物,5.38,4.83,0.29,5.05,2026-09-28
688819,天能股份,5.38,1.17,2.17,2.32,2026-09-28
300925,法本信息,5.38,8.78,1.92,3.32,2026-09-28
301137,哈焊华通,5.38,2.63,0.9,1.61,2026-09-28
688611,杭州柯林,5.38,5.5,-1.92,4.57,2026-09-28
600160,巨化股份,5.38,4.73,-1.31,3.58,2026-09-28
000983,山西焦煤,5.36,1.92,-1.7,3.4,2026-09-28
688082,盛美上海,5.36,0.51,6.09,7.55,2026-09-28
002081,金 螳 螂,5.36,2.79,0.42,4.2,2026-09-28
600859,王府井,5.36,5.66,0.94,1.56,2026-09-28
002946,新乳业,5.35,0.26,-1.99,2.2,2026-09-28
002112,三变科技,5.35,8.06,-0.14,1.94,2026-09-28
688523,航天环宇,5.35,0.99,-1.26,3.13,2026-09-28
000001,平安银行,5.35,2.08,0.44,1.15,2026-09-28
002298,中电鑫龙,5.34,4.85,4.99,9.18,2026-09-28
301628,强达电路,5.33,5.44,10.68,13.66,2026-09-28
600256,广汇能源,5.33,3.6,-1.76,3.68,2026-09-28
300204,舒泰神,5.33,2.86,-0.05,2.73,2026-09-28
300633,开立医疗,5.32,3.14,-0.21,2.38,2026-09-28
002302,西部建设,5.32,2.38,1.74,2.39,2026-09-28
600399,抚顺特钢,5.31,4.9,0.71,1.9,2026-09-28
688562,航天软件,5.31,3.15,2.12,3.39,2026-09-28
600406,国电南瑞,5.31,1.47,-1.24,2.22,2026-09-28
603486,科沃斯,5.31,1.63,-2.34,2.56,2026-09-28
000533,顺钠股份,5.3,2.67,-0.2,1.99,2026-09-28
601677,明泰铝业,5.3,4.75,0.81,3.49,2026-09-28
002131,利欧股份,5.29,4.34,1.19,3.33,2026-09-28
002173,创新医疗,5.29,4.81,-0.47,2.39,2026-09-28
301292,海科新源,5.29,7.23,0.67,2.65,2026-09-28
688809,强一股份,5.29,6.89,6.69,8.43,2026-09-28
301090,华润材料,5.29,0.95,-0.72,1.44,2026-09-28
601898,中煤能源,5.29,0.39,-1.97,4.51,2026-09-28
001979,招商蛇口,5.28,1.1,5.56,6.12,2026-09-28
300124,汇川技术,5.28,2.3,0.38,1.61,2026-09-28
601965,中国汽研,5.27,1.55,0.39,1.85,2026-09-28
603027,XD千禾味,5.25,2.84,-0.7,1.53,2026-09-28
688316,青云科技,5.24,7.16,2.46,4.14,2026-09-28
600873,梅花生物,5.23,2.14,-0.69,1.65,2026-09-28
603123,翠微股份,5.23,2.69,0.11,1.41,2026-09-28
300883,龙利得,5.23,5.48,1.9,3.16,2026-09-28
600521,华海药业,5.22,3.45,0.5,3.52,2026-09-28
600078,澄星股份,5.22,1.66,1.24,2.59,2026-09-28
600007,中国国贸,5.22,1.01,2.11,2.51,2026-09-28
600604,市北高新,5.22,3.22,1.68,2.73,2026-09-28
600884,杉杉股份,5.22,6.26,3.49,5.27,2026-09-28
002821,凯莱英,5.21,1.34,-0.78,6.07,2026-09-28
600383,金地集团,5.2,7.49,6.25,6.67,2026-09-28
002847,盐津铺子,5.2,2.57,-1.29,1.87,2026-09-28
688597,煜邦电力,5.18,5.18,2.1,4.69,2026-09-28
300900,广联航空,5.18,7.25,1.98,3.0,2026-09-28
002271,东方雨虹,5.17,4.17,3.06,3.36,2026-09-28
002317,众生药业,5.17,2.63,-1.38,4.11,2026-09-28
002541,鸿路钢构,5.17,0.7,0.99,4.87,2026-09-28
301043,绿岛风,5.16,2.67,0.23,3.39,2026-09-28
603399,永杉锂业,5.16,5.02,3.79,5.36,2026-09-28
300003,乐普医疗,5.16,6.54,-0.09,1.93,2026-09-28
601606,长城军工,5.15,1.66,0.29,1.97,2026-09-28
688347,华虹宏力,5.15,2.94,2.5,4.75,2026-09-28
301251,威尔高,5.14,1.43,5.67,7.96,2026-09-28
601016,节能风电,5.14,2.73,0.31,1.54,2026-09-28
688231,隆达股份,5.14,0.75,-2.12,3.79,2026-09-28
600510,黑牡丹,5.12,3.78,2.19,3.44,2026-09-28
600229,城市传媒,5.12,3.44,2.27,4.55,2026-09-28
300759,康龙化成,5.12,1.62,-0.35,6.21,2026-09-28
002697,红旗连锁,5.12,4.43,1.3,1.95,2026-09-28
000524,岭南控股,5.11,1.47,-0.11,1.26,2026-09-28
301228,实朴检测,5.11,5.82,0.41,3.84,2026-09-28
000031,大悦城,5.1,2.83,7.05,7.49,2026-09-28
603195,公牛集团,5.1,0.35,1.49,1.73,2026-09-28
688041,海光信息,5.1,1.6,-1.92,3.95,2026-09-28
600998,九州通,5.1,2.08,0.61,2.03,2026-09-28
002453,华软科技,5.09,8.27,2.61,8.26,2026-09-28
301283,聚胶股份,5.09,2.59,1.35,2.69,2026-09-28
002472,双环传动,5.08,2.91,-0.23,2.99,2026-09-28
002019,亿帆医药,5.07,6.35,-1.6,2.56,2026-09-28
002088,鲁阳节能,5.07,2.75,0.38,2.76,2026-09-28
600988,赤峰黄金,5.06,1.89,0.97,5.41,2026-09-28
603088,宁波精达,5.06,2.63,2.26,3.59,2026-09-28
002603,以岭药业,5.06,2.96,-0.86,1.72,2026-09-28
002128,电投能源,5.06,2.4,1.44,3.93,2026-09-28
603197,保隆科技,5.04,5.16,-0.41,1.69,2026-09-28
601666,平煤股份,5.04,0.76,-0.68,3.98,2026-09-28
603936,博敏电子,5.03,6.17,5.23,8.92,2026-09-28
002283,天润工业,5.02,5.63,-3.12,4.16,2026-09-28
600780,通宝能源,5.01,2.46,0.0,1.31,2026-09-28
600592,龙溪股份,5.01,5.17,0.34,5.65,2026-09-28
600629,华建集团,5.01,2.98,2.51,5.14,2026-09-28
600936,北投科技,5.01,2.83,-0.47,1.41,2026-09-28
002531,天顺风能,5.01,3.49,-1.8,12.21,2026-09-28
300661,圣邦股份,5.0,0.79,-3.59,5.85,2026-09-28
600004,白云机场,4.98,1.82,-0.13,1.18,2026-09-28
002219,新里程,4.98,4.77,0.48,2.9,2026-09-28
688175,高凌信息,4.96,2.37,11.92,18.42,2026-09-28
300229,拓尔思,4.95,7.94,2.47,4.07,2026-09-28
601588,北辰实业,4.95,2.53,3.43,4.57,2026-09-28
603515,欧普照明,4.95,0.46,1.25,1.8,2026-09-28
605117,德业股份,4.94,0.72,0.1,2.44,2026-09-28
603866,桃李面包,4.93,2.74,0.0,2.15,2026-09-28
688808,联讯仪器,4.92,2.08,1.8,6.12,2026-09-28
688136,科兴制药,4.92,3.77,2.79,9.46,2026-09-28
002549,凯美特气,4.91,3.06,-1.2,1.99,2026-09-28
301669,高特电子,4.91,6.61,0.28,3.31,2026-09-28
600809,山西汾酒,4.9,0.98,1.12,2.97,2026-09-28
600019,宝钢股份,4.9,1.3,0.86,2.07,2026-09-28
301108,洁雅股份,4.9,4.86,5.4,10.62,2026-09-28
000423,东阿阿胶,4.89,2.02,-0.09,0.93,2026-09-28
300078,思创智联,4.89,3.44,1.11,3.33,2026-09-28
603009,北特科技,4.88,3.44,-0.87,4.59,2026-09-28
688132,邦彦技术,4.87,2.78,2.04,4.33,2026-09-28
000799,酒鬼酒,4.86,3.85,-0.03,1.0,2026-09-28
002150,正泰电源,4.86,2.7,-2.24,3.04,2026-09-28
300660,江苏雷利,4.85,3.46,0.43,2.43,2026-09-28
603279,景津装备,4.85,2.06,-0.74,1.67,2026-09-28
300073,当升科技,4.84,6.55,4.63,4.16,2026-09-28
600231,凌钢股份,4.84,1.93,2.48,3.73,2026-09-28
603169,兰石重装,4.84,3.53,0.34,2.74,2026-09-28
300832,新产业,4.84,2.31,-0.08,1.57,2026-09-28
603132,金徽股份,4.84,0.25,6.72,7.76,2026-09-28
600064,南京高科,4.83,2.85,1.57,1.97,2026-09-28
002379,宏桥控股,4.83,5.71,3.36,4.38,2026-09-28
600105,永鼎股份,4.83,3.68,-3.34,3.76,2026-09-28
688778,厦钨新能,4.83,2.11,4.51,5.18,2026-09-28
600743,华远控股,4.82,1.77,4.35,8.7,2026-09-28
600610,中毅达,4.82,2.35,0.14,2.18,2026-09-28
601949,中国出版,4.82,1.7,10.07,10.81,2026-09-28
688410,山外山,4.82,3.89,-2.41,3.77,2026-09-28
688570,天玛智控,4.82,3.51,-0.21,1.1,2026-09-28
300768,迪普科技,4.81,4.39,0.93,3.66,2026-09-28
688228,开普云,4.8,3.5,9.22,10.3,2026-09-28
601096,宏盛华源,4.8,3.47,0.51,1.28,2026-09-28
301419,阿莱德,4.8,2.37,3.37,6.55,2026-09-28
301171,易点天下,4.8,7.86,4.5,5.93,2026-09-28
600012,皖通高速,4.79,0.16,-0.19,1.68,2026-09-28
000090,天健集团,4.79,4.34,2.25,3.09,2026-09-28
688607,康众科技,4.79,7.63,1.75,5.56,2026-09-28
688707,振华新材,4.79,6.26,4.47,5.48,2026-09-28
600933,爱柯迪,4.78,3.13,-1.63,2.74,2026-09-28
301212,联盛化学,4.78,1.63,0.88,3.42,2026-09-28
002075,沙钢股份,4.78,12.17,0.58,1.73,2026-09-28
600203,福日电子,4.78,2.65,2.17,3.62,2026-09-28
688195,腾景科技,4.78,3.01,3.93,6.06,2026-09-28
600377,宁沪高速,4.77,0.19,0.54,2.02,2026-09-28
000813,德展健康,4.76,4.65,0.0,2.19,2026-09-28
600336,澳柯玛,4.76,7.99,1.12,3.19,2026-09-28
600048,保利发展,4.76,3.87,4.1,4.28,2026-09-28
600971,恒源煤电,4.76,1.0,-2.86,3.46,2026-09-28
000786,北新建材,4.75,1.8,2.46,3.09,2026-09-28
600088,中视传媒,4.75,6.22,5.79,8.25,2026-09-28
000999,华润三九,4.74,2.31,-0.21,1.02,2026-09-28
300315,掌趣科技,4.74,8.89,1.02,2.05,2026-09-28
301155,海力风电,4.73,4.99,2.81,8.37,2026-09-28
000400,许继电气,4.73,4.06,2.14,3.25,2026-09-28
002201,九鼎新材,4.73,3.64,-0.32,2.79,2026-09-28
002444,巨星科技,4.72,1.17,-1.41,3.34,2026-09-28
688234,天岳先进,4.72,2.67,3.53,6.94,2026-09-28
300959,线上线下,4.71,7.47,4.76,11.03,2026-09-28
688369,致远互联,4.71,6.24,1.86,5.01,2026-09-28
300035,中科电气,4.7,9.2,3.13,4.05,2026-09-28
600571,信雅达,4.7,7.98,1.88,2.97,2026-09-28
600072,中船科技,4.7,4.45,0.92,2.06,2026-09-28
688796,百奥赛图,4.69,3.52,-4.33,8.92,2026-09-28
600533,栖霞建设,4.68,5.96,2.69,3.14,2026-09-28
600428,中远海特,4.68,1.22,-3.52,3.8,2026-09-28
688120,华海清科,4.68,1.13,-0.53,3.5,2026-09-28
000025,特  力Ａ,4.68,4.29,2.81,3.94,2026-09-28
000948,南天信息,4.68,5.58,0.99,2.44,2026-09-28
601568,北元化工,4.68,1.49,-0.28,1.99,2026-09-28
601633,长城汽车,4.66,0.65,-0.94,1.67,2026-09-28
300061,旗天科技,4.66,4.9,2.37,3.99,2026-09-28
600487,亨通光电,4.64,5.14,-5.82,4.65,2026-09-28
600802,福建水泥,4.64,13.45,-4.67,10.03,2026-09-28
600518,康美药业,4.64,2.8,0.76,1.52,2026-09-28
688469,芯联集成,4.63,2.88,4.65,9.65,2026-09-28
300026,红日药业,4.63,5.17,-0.31,2.19,2026-09-28
603650,彤程新材,4.61,1.86,-3.5,5.18,2026-09-28
300055,万邦达,4.6,5.38,3.2,3.91,2026-09-28
603809,豪能股份,4.59,2.62,-0.12,1.76,2026-09-28
000973,佛塑科技,4.59,5.07,2.15,3.14,2026-09-28
000981,山子高科,4.58,2.56,2.6,5.95,2026-09-28
002892,科力尔,4.58,4.8,-0.23,1.52,2026-09-28
603693,江苏新能,4.58,0.82,5.48,9.21,2026-09-28
688375,国博电子,4.57,0.88,-0.87,3.0,2026-09-28
002519,银河电子,4.57,2.06,-0.18,4.59,2026-09-28
002915,中欣氟材,4.57,3.85,0.43,2.16,2026-09-28
600101,明星电力,4.57,5.42,0.13,1.29,2026-09-28
688588,凌志软件,4.56,5.98,2.14,3.84,2026-09-28
002387,维信诺,4.56,2.39,-1.04,5.07,2026-09-28
688005,容百科技,4.56,9.42,2.81,3.16,2026-09-28
601228,广州港,4.55,1.13,1.32,1.66,2026-09-28
002865,钧达股份,4.55,4.62,-0.36,2.46,2026-09-28
688172,燕东微,4.55,1.18,0.71,3.93,2026-09-28
300048,合康新能,4.55,4.5,0.21,1.71,2026-09-28
000402,金 融 街,4.54,4.07,3.83,5.75,2026-09-28
603014,威高血净,4.54,3.84,-0.55,1.42,2026-09-28
688578,艾力斯,4.54,2.17,0.25,5.48,2026-09-28
002572,索菲亚,4.54,4.43,2.83,4.18,2026-09-28
000959,首钢股份,4.53,1.19,2.07,2.96,2026-09-28
002003,伟星股份,4.53,0.47,0.35,2.38,2026-09-28
600058,五矿发展,4.53,3.29,-1.15,3.0,2026-09-28
688235,百济神州,4.52,3.49,0.6,3.63,2026-09-28
002361,神剑股份,4.51,3.7,-3.45,5.92,2026-09-28
600582,天地科技,4.51,1.84,0.21,1.04,2026-09-28
002410,广联达,4.51,4.53,1.81,2.89,2026-09-28
001359,平安电工,4.51,5.6,1.86,5.56,2026-09-28
002707,众信旅游,4.51,6.58,0.0,1.59,2026-09-28
600298,安琪酵母,4.49,1.32,-3.57,4.91,2026-09-28
002269,美邦服饰,4.49,2.82,0.74,3.68,2026-09-28
600158,中体产业,4.48,6.9,0.72,1.73,2026-09-28
002390,信邦制药,4.48,3.74,0.34,2.75,2026-09-28
000503,国新健康,4.48,5.21,3.76,10.48,2026-09-28
600350,山东高速,4.48,0.1,-1.39,2.18,2026-09-28
600751,海航科技,4.46,5.93,1.42,2.48,2026-09-28
300080,易成新能,4.46,3.64,1.94,3.32,2026-09-28
002235,安妮股份,4.45,7.67,-0.13,1.83,2026-09-28
002190,成飞集成,4.45,2.33,-0.52,1.3,2026-09-28
301081,严牌股份,4.45,2.71,6.77,10.86,2026-09-28
000895,双汇发展,4.45,0.32,-0.68,1.44,2026-09-28
000155,川能动力,4.45,4.06,-1.1,2.2,2026-09-28
000708,中信特钢,4.45,0.29,0.08,2.03,2026-09-28
601156,东航物流,4.43,5.25,-2.11,3.36,2026-09-28
603166,福达股份,4.42,3.45,-0.56,2.33,2026-09-28
300963,中洲特材,4.41,4.61,1.04,1.6,2026-09-28
600420,国药现代,4.4,3.42,0.0,1.34,2026-09-28
300413,芒果超媒,4.4,3.44,5.54,8.32,2026-09-28
000718,苏宁环球,4.4,5.19,3.43,5.39,2026-09-28
301082,久盛电气,4.4,3.26,0.94,2.62,2026-09-28
688100,威胜信息,4.39,1.57,0.08,2.96,2026-09-28
002053,云南能投,4.39,4.19,1.7,2.98,2026-09-28
000603,盛达资源,4.38,3.19,3.39,7.02,2026-09-28
603527,众源新材,4.38,4.5,4.13,4.97,2026-09-28
300471,厚普股份,4.37,5.13,1.43,4.41,2026-09-28
300628,亿联网络,4.37,0.81,-2.77,3.82,2026-09-28
600361,创新新材,4.36,0.58,2.06,2.65,2026-09-28
688517,金冠电气,4.36,4.04,8.11,10.53,2026-09-28
000966,长源电力,4.34,2.34,0.0,2.78,2026-09-28
600648,外高桥,4.34,5.66,1.5,1.71,2026-09-28
301024,霍普股份,4.34,1.06,0.86,4.32,2026-09-28
600754,锦江酒店,4.33,1.46,-0.22,2.4,2026-09-28
002580,圣阳股份,4.33,4.19,2.69,4.12,2026-09-28
301382,蜂助手,4.33,6.99,6.05,10.61,2026-09-28
600758,辽宁能源,4.33,3.3,5.9,9.55,2026-09-28
601991,大唐发电,4.33,0.94,-1.32,2.07,2026-09-28
301327,华宝新能,4.32,2.57,1.49,2.05,2026-09-28
000980,众泰汽车,4.32,2.4,-0.89,8.48,2026-09-28
000717,中南股份,4.31,2.72,1.88,2.82,2026-09-28
002959,小熊电器,4.31,1.46,5.24,13.71,2026-09-28
301091,深城交,4.31,2.54,3.8,5.95,2026-09-28
603119,浙江荣泰,4.31,2.22,-3.19,6.19,2026-09-28
002746,仙坛股份,4.31,2.66,-1.9,2.84,2026-09-28
002038,双鹭药业,4.3,6.79,-0.18,3.04,2026-09-28
600649,城投控股,4.3,3.86,3.25,4.25,2026-09-28
002441,众业达,4.3,5.06,1.35,2.09,2026-09-28
601515,衢州东峰,4.3,5.29,1.59,2.55,2026-09-28
601933,永辉超市,4.3,3.23,0.0,1.01,2026-09-28
603538,美诺华,4.3,5.89,-0.54,8.34,2026-09-28
002177,御银股份,4.29,5.15,1.86,3.71,2026-09-28
300170,汉得信息,4.27,8.61,5.17,7.92,2026-09-28
688602,康鹏科技,4.27,3.39,2.07,3.41,2026-09-28
000801,四川九洲,4.27,4.26,-0.17,1.73,2026-09-28
603979,金诚信,4.27,0.72,1.74,3.36,2026-09-28
688156,路德科技,4.26,5.71,3.64,6.7,2026-09-28
300917,特发服务,4.26,3.09,13.49,14.18,2026-09-28
688037,芯源微,4.26,0.55,0.13,4.49,2026-09-28
002371,北方华创,4.25,0.54,-0.78,2.8,2026-09-28
600309,万华化学,4.25,1.5,-2.51,3.44,2026-09-28
600885,宏发股份,4.25,0.75,-0.42,1.67,2026-09-28
600212,绿能慧充,4.25,4.68,0.35,3.16,2026-09-28
300962,中金辐照,4.22,5.47,-0.31,1.85,2026-09-28
002966,苏州银行,4.22,1.43,-0.65,1.72,2026-09-28
600056,中国医药,4.22,3.25,-0.68,1.36,2026-09-28
600848,上海临港,4.22,1.33,2.59,3.3,2026-09-28
600557,康缘药业,4.21,3.42,-0.98,2.45,2026-09-28
600095,湘财股份,4.21,2.4,3.99,5.4,2026-09-28
600562,国睿科技,4.21,0.8,-1.35,3.22,2026-09-28
002869,金溢科技,4.21,3.98,1.98,3.77,2026-09-28
002765,蓝黛科技,4.21,5.45,0.59,2.21,2026-09-28
600622,光大嘉宝,4.2,2.95,5.0,5.0,2026-09-28
002508,老板电器,4.2,1.37,0.3,1.51,2026-09-28
601083,锦江航运,4.2,3.43,-1.17,1.88,2026-09-28
601001,晋控煤业,4.2,0.41,-4.06,5.25,2026-09-28
601918,新集能源,4.2,0.86,-0.79,3.58,2026-09-28
301061,匠心家居,4.2,0.58,-2.64,3.9,2026-09-28
001400,江顺科技,4.18,3.35,2.98,6.57,2026-09-28
300567,精测电子,4.17,1.53,1.52,4.3,2026-09-28
300185,通裕重工,4.17,3.53,2.92,4.01,2026-09-28
600868,梅雁吉祥,4.16,3.54,1.83,3.66,2026-09-28
301222,浙江恒威,4.15,3.64,3.57,8.07,2026-09-28
002352,顺丰控股,4.15,2.56,0.23,1.54,2026-09-28
600996,贵广网络,4.14,4.25,2.68,4.61,2026-09-28
301060,兰卫医学,4.14,2.52,-0.59,6.33,2026-09-28
300482,万孚生物,4.13,4.54,-0.37,2.14,2026-09-28
688193,仁度生物,4.13,5.57,2.34,4.16,2026-09-28
600556,天下秀,4.13,3.55,4.26,5.83,2026-09-28
601222,林洋能源,4.12,4.39,1.03,2.22,2026-09-28
301269,华大九天,4.12,1.84,0.27,2.97,2026-09-28
301268,铭利达,4.12,2.73,0.95,2.84,2026-09-28
002218,拓日新能,4.11,2.21,1.9,4.62,2026-09-28
301121,紫建电子,4.11,3.08,1.47,3.05,2026-09-28
300875,捷强装备,4.11,2.87,0.84,2.52,2026-09-28
000429,粤高速Ａ,4.11,0.2,-0.81,1.53,2026-09-28
300860,锋尚文化,4.09,8.33,1.93,3.94,2026-09-28
002945,华林证券,4.09,0.71,0.43,1.42,2026-09-28
002812,恩捷股份,4.08,3.42,1.11,2.2,2026-09-28
300390,天华新能,4.07,4.84,2.19,3.38,2026-09-28
603108,润达医疗,4.07,5.72,2.86,5.51,2026-09-28
301033,迈普医学,4.07,3.16,-1.0,3.91,2026-09-28
002461,珠江啤酒,4.07,1.46,0.24,1.93,2026-09-28
002911,佛燃能源,4.04,0.33,-1.33,3.1,2026-09-28
300911,亿田智能,4.04,4.24,-0.09,9.75,2026-09-28
600635,大众公用,4.04,4.6,0.23,1.37,2026-09-28
300177,中海达,4.03,7.81,0.83,2.49,2026-09-28
600523,贵航股份,4.02,4.75,0.25,1.44,2026-09-28
603300,海南华铁,3.98,4.62,0.89,2.0,2026-09-28
301232,飞沃科技,3.97,11.13,-4.74,7.55,2026-09-28
002533,金杯电工,3.96,4.82,1.87,1.96,2026-09-28
301172,君逸数码,3.96,6.66,1.32,4.07,2026-09-28
300570,太辰光,3.96,3.42,6.83,10.75,2026-09-28
002287,奇正藏药,3.95,1.16,-0.88,1.56,2026-09-28
600031,三一重工,3.95,1.01,-0.76,2.39,2026-09-28
000665,湖北广电,3.94,3.11,6.09,7.11,2026-09-28
301177,迪阿股份,3.94,0.79,0.48,2.76,2026-09-28
600642,申能股份,3.92,0.45,-0.57,2.84,2026-09-28
600060,海信视像,3.92,0.57,-0.11,2.6,2026-09-28
300037,新宙邦,3.92,1.93,-1.11,4.65,2026-09-28
002376,新北洋,3.91,6.59,-1.2,2.1,2026-09-28
600710,苏美达,3.9,1.05,-0.72,2.5,2026-09-28
603606,东方电缆,3.9,2.3,-0.23,3.42,2026-09-28
605060,联德股份,3.89,0.48,-0.18,3.77,2026-09-28
603919,金徽酒,3.89,0.94,0.32,2.16,2026-09-28
002491,通鼎互联,3.88,4.54,-3.73,4.15,2026-09-28
688165,埃夫特,3.87,3.5,3.16,5.23,2026-09-28
601038,一拖股份,3.86,0.99,0.37,2.42,2026-09-28
600233,圆通速递,3.86,0.26,-0.17,2.77,2026-09-28
688123,聚辰股份,3.86,4.9,8.04,10.64,2026-09-28
301282,金禄电子,3.86,2.43,13.64,16.41,2026-09-28
300581,晨曦航空,3.85,2.05,1.11,2.82,2026-09-28
000819,岳阳兴长,3.85,7.7,3.04,4.65,2026-09-28
600426,华鲁恒升,3.85,1.14,-1.8,3.51,2026-09-28
300947,德必集团,3.84,2.69,4.87,6.31,2026-09-28
600975,新五丰,3.84,2.17,2.35,3.92,2026-09-28
688197,首药控股,3.84,8.78,2.34,9.46,2026-09-28
600855,航天长峰,3.83,4.79,-0.96,3.13,2026-09-28
601929,吉视传媒,3.83,2.58,4.41,7.05,2026-09-28
002329,皇氏集团,3.82,5.12,3.39,4.8,2026-09-28
002815,崇达技术,3.82,2.12,9.99,11.7,2026-09-28
600329,达仁堂,3.82,2.03,-1.65,2.44,2026-09-28
600478,科力远,3.8,4.91,3.7,4.39,2026-09-28
002163,海南发展,3.79,3.02,2.32,3.96,2026-09-28
603069,海汽集团,3.79,3.52,4.35,6.44,2026-09-28
301035,润丰股份,3.76,1.09,0.23,2.48,2026-09-28
600986,浙文互联,3.76,10.64,4.02,5.51,2026-09-28
600110,诺德股份,3.75,2.7,2.76,5.24,2026-09-28
300168,万达信息,3.75,8.67,2.14,3.64,2026-09-28
603668,天马科技,3.74,14.52,0.08,2.33,2026-09-28
603091,众鑫股份,3.74,6.46,0.18,2.3,2026-09-28
600508,上海能源,3.73,1.98,-0.95,2.84,2026-09-28
000543,皖能电力,3.7,3.03,-1.53,2.51,2026-09-28
301325,曼恩斯特,3.69,3.48,5.37,7.03,2026-09-28
600346,恒力石化,3.69,1.66,-3.11,5.48,2026-09-28
301535,浙江华远,3.68,2.35,0.52,2.45,2026-09-28
300197,节能铁汉,3.67,2.61,2.65,4.23,2026-09-28
600589,大位科技,3.67,4.94,2.45,4.08,2026-09-28
600185,珠免集团,3.66,4.57,2.36,3.22,2026-09-28
601519,大智慧,3.66,4.04,10.01,10.5,2026-09-28
300261,雅本化学,3.65,3.47,3.14,3.56,2026-09-28
600127,金健米业,3.63,4.53,-9.97,4.85,2026-09-28
301168,通灵股份,3.62,8.46,3.73,5.75,2026-09-28
688567,孚能科技,3.61,4.41,3.41,3.07,2026-09-28
002216,三全食品,3.58,2.28,-1.31,2.18,2026-09-28
002291,遥望科技,3.58,6.25,4.29,4.85,2026-09-28
002422,科伦药业,3.58,1.57,1.61,5.31,2026-09-28
300984,金沃股份,3.57,6.55,6.51,10.62,2026-09-28
302132,中航成飞,3.57,3.26,-2.95,5.04,2026-09-28
603985,恒润股份,3.56,5.15,5.07,7.95,2026-09-28
301221,光庭信息,3.55,7.11,1.31,3.11,2026-09-28
002595,豪迈科技,3.55,1.69,0.34,3.61,2026-09-28
603733,仙鹤股份,3.54,2.25,-3.83,4.54,2026-09-28
600660,福耀玻璃,3.53,1.8,0.17,2.44,2026-09-28
603345,安井食品,3.53,1.44,2.34,2.94,2026-09-28
600993,马应龙,3.52,2.3,-0.8,1.34,2026-09-28
603899,晨光股份,3.5,0.45,0.37,2.25,2026-09-28
601018,宁波港,3.49,0.37,1.75,2.33,2026-09-28
000620,盈新发展,3.48,1.67,2.3,2.96,2026-09-28
002805,丰元股份,3.48,4.62,1.75,4.34,2026-09-28
000822,山东海化,3.46,5.28,0.95,1.91,2026-09-28
600874,创业环保,3.45,3.62,0.55,0.92,2026-09-28
000539,粤电力Ａ,3.44,1.16,2.23,3.04,2026-09-28
300459,汤姆猫,3.42,4.88,2.62,3.78,2026-09-28
603233,大参林,3.42,0.87,0.34,1.8,2026-09-28
301185,鸥玛软件,3.42,4.68,1.52,2.05,2026-09-28
603636,南威软件,3.42,4.62,10.07,14.13,2026-09-28
688563,航材股份,3.4,4.56,-4.02,5.07,2026-09-28
000333,美的集团,3.39,0.57,-0.41,1.51,2026-09-28
300589,江龙船艇,3.38,5.76,4.62,6.74,2026-09-28
601000,唐山港,3.38,0.27,1.33,3.32,2026-09-28
600486,扬农化工,3.37,1.13,-1.77,3.0,2026-09-28
688192,迪哲医药,3.36,0.99,0.61,5.05,2026-09-28
600760,中航沈飞,3.35,1.38,-1.59,3.83,2026-09-28
601033,永兴股份,3.34,2.71,-0.14,0.85,2026-09-28
000567,海德股份,3.33,0.91,1.03,2.41,2026-09-28
688499,利元亨,3.33,6.26,12.27,12.27,2026-09-28
000517,荣安地产,3.33,1.38,2.99,3.98,2026-09-28
600312,平高电气,3.32,3.88,1.53,3.56,2026-09-28
000301,东方盛虹,3.31,1.83,-3.25,4.99,2026-09-28
688617,惠泰医疗,3.3,0.36,-0.76,3.8,2026-09-28
600612,老凤祥,3.3,1.06,-1.38,1.38,2026-09-28
600606,绿地控股,3.3,2.69,6.38,9.93,2026-09-28
002074,国轩高科,3.29,4.79,10.01,5.68,2026-09-28
600881,亚泰集团,3.28,2.72,-1.08,3.76,2026-09-28
000729,燕京啤酒,3.28,0.71,-0.37,1.57,2026-09-28
603533,掌阅科技,3.27,1.09,10.0,9.77,2026-09-28
002309,中利集团,3.27,0.86,1.45,2.54,2026-09-28
301133,金钟股份,3.26,5.33,0.86,5.71,2026-09-28
603072,天和磁材,3.25,4.52,0.07,1.38,2026-09-28
600039,四川路桥,3.25,0.13,0.81,2.55,2026-09-28
001203,大中矿业,3.2,1.67,-0.83,2.66,2026-09-28
001389,广合科技,3.2,4.51,8.02,10.88,2026-09-28
300624,万兴科技,3.2,6.32,4.75,6.56,2026-09-28
601155,新城控股,3.19,2.21,2.76,4.9,2026-09-28
600684,珠江股份,3.18,5.75,3.98,5.4,2026-09-28
001965,招商公路,3.18,0.18,1.52,2.64,2026-09-28
600076,康欣新材,3.17,5.93,1.9,3.33,2026-09-28
600643,爱建集团,3.15,4.15,1.75,2.75,2026-09-28
002318,久立特材,3.14,1.56,-3.1,3.32,2026-09-28
601100,恒立液压,3.13,0.3,0.91,2.96,2026-09-28
002761,浙江建投,3.11,3.74,1.93,4.14,2026-09-28
002078,太阳纸业,3.11,0.5,0.07,2.44,2026-09-28
002027,分众传媒,3.11,2.87,-0.64,1.28,2026-09-28
603906,龙蟠科技,3.11,3.59,2.73,6.71,2026-09-28
603379,三美股份,3.1,2.41,-1.33,4.16,2026-09-28
601015,陕西黑猫,3.1,1.51,1.99,7.12,2026-09-28
603833,欧派家居,3.09,0.78,1.82,3.53,2026-09-28
601212,白银有色,3.09,0.98,2.19,5.1,2026-09-28
600655,豫园股份,3.09,0.92,1.79,2.91,2026-09-28
002195,岩山科技,3.08,4.83,1.19,2.72,2026-09-28
600623,华谊集团,3.08,3.07,-2.09,3.02,2026-09-28
601003,柳钢股份,3.08,0.78,1.16,2.89,2026-09-28
688429,时创能源,3.08,1.55,1.53,4.39,2026-09-28
300781,因赛集团,3.05,4.69,7.21,9.31,2026-09-28
603816,顾家家居,3.04,1.01,3.24,4.67,2026-09-28
301041,金百泽,3.04,5.91,12.12,17.52,2026-09-28
002277,友阿股份,3.04,9.99,-4.34,3.75,2026-09-28
002791,坚朗五金,3.04,3.57,3.71,4.43,2026-09-28
688389,普门科技,3.03,3.85,0.9,2.33,2026-09-28
300982,苏文电能,3.01,2.8,1.13,2.53,2026-09-28
301199,迈赫股份,3.0,2.15,1.33,2.16,2026-09-28
000651,格力电器,2.98,2.13,-0.78,1.3,2026-09-28
000898,鞍钢股份,2.98,1.66,2.54,3.05,2026-09-28
000652,泰达股份,2.97,5.48,2.14,2.45,2026-09-28
301487,盟固利,2.96,3.42,5.33,8.19,2026-09-28
603737,三棵树,2.96,0.56,5.26,7.77,2026-09-28
000703,恒逸石化,2.94,1.62,-9.1,10.25,2026-09-28
600803,新奥股份,2.94,0.15,-1.87,2.61,2026-09-28
002232,启明信息,2.94,2.26,5.34,7.43,2026-09-28
000926,福星股份,2.93,10.93,2.37,3.79,2026-09-28
300893,松原安全,2.93,2.8,-4.32,5.99,2026-09-28
600116,三峡水利,2.92,1.43,-0.49,1.64,2026-09-28
301002,崧盛股份,2.91,7.29,6.77,10.95,2026-09-28
002263,大东南,2.9,3.82,3.88,5.18,2026-09-28
600708,光明地产,2.9,3.65,4.0,5.67,2026-09-28
601298,青岛港,2.9,0.06,2.33,2.94,2026-09-28
300677,英科医疗,2.89,1.26,1.61,4.13,2026-09-28
601992,金隅集团,2.86,1.89,2.17,2.9,2026-09-28
000818,航锦科技,2.86,5.13,0.0,1.41,2026-09-28
601399,国机重装,2.85,1.98,2.62,3.28,2026-09-28
002506,协鑫集成,2.85,2.48,1.73,3.46,2026-09-28
002043,兔 宝 宝,2.85,0.36,0.18,4.05,2026-09-28
600094,大名城,2.84,7.28,4.03,4.53,2026-09-28
301267,华厦眼科,2.81,1.32,0.4,2.81,2026-09-28
000957,中通客车,2.8,3.8,1.44,4.32,2026-09-28
688768,容知日新,2.79,3.97,10.66,15.45,2026-09-28
000913,钱江摩托,2.79,3.43,-0.28,1.61,2026-09-28
301023,奕帆传动,2.79,5.96,4.28,6.39,2026-09-28
600997,开滦股份,2.78,2.44,-0.77,2.68,2026-09-28
002737,葵花药业,2.76,3.28,-1.06,1.95,2026-09-28
002223,鱼跃医疗,2.76,2.34,-2.51,4.1,2026-09-28
301038,深水规院,2.74,1.69,6.42,9.17,2026-09-28
000545,金浦钛业,2.72,3.52,2.78,4.17,2026-09-28
301017,漱玉平民,2.72,3.53,8.25,9.64,2026-09-28
301345,涛涛车业,2.7,4.26,-0.24,5.29,2026-09-28
600882,妙可蓝多,2.69,1.33,-1.94,3.41,2026-09-28
601908,京运通,2.68,2.72,1.04,2.78,2026-09-28
600860,京城股份,2.68,3.3,1.62,3.24,2026-09-28
600018,上港集团,2.67,0.5,0.93,1.67,2026-09-28
002031,巨轮智能,2.67,2.96,2.34,13.85,2026-09-28
301019,宁波色母,2.67,4.67,1.53,3.64,2026-09-28
601088,中国神华,2.67,0.05,-2.25,3.31,2026-09-28
603369,今世缘,2.66,0.91,1.84,2.36,2026-09-28
603338,浙江鼎力,2.64,0.88,0.81,3.03,2026-09-28
601233,桐昆股份,2.61,1.64,-3.39,8.08,2026-09-28
603699,纽威股份,2.58,0.43,1.87,4.25,2026-09-28
600686,金龙汽车,2.57,2.89,3.21,7.06,2026-09-28
002001,新 和 成,2.54,1.51,-0.82,2.0,2026-09-28
600266,城建发展,2.51,4.86,5.16,4.46,2026-09-28
002372,伟星新材,2.51,1.2,2.22,2.97,2026-09-28
002738,中矿资源,2.51,5.19,6.6,8.59,2026-09-28
000965,天保基建,2.51,4.53,5.76,6.06,2026-09-28
600880,博瑞传播,2.47,6.44,2.45,3.92,2026-09-28
002064,华峰化学,2.45,0.59,-1.36,4.41,2026-09-28
600887,伊利股份,2.45,1.27,0.78,1.78,2026-09-28
600663,陆家嘴,2.44,0.28,5.03,5.83,2026-09-28
601619,嘉泽新能,2.41,3.51,1.31,3.67,2026-09-28
601225,陕西煤业,2.41,0.21,-0.74,3.95,2026-09-28
300890,翔丰华,2.38,10.88,6.8,7.78,2026-09-28
603530,神马电力,2.38,0.75,-3.99,5.33,2026-09-28
600276,恒瑞医药,2.37,1.91,2.59,4.14,2026-09-28
002570,贝因美,2.36,5.35,0.69,4.12,2026-09-28
002370,亚太药业,2.35,6.21,0.2,4.91,2026-09-28
300266,兴源环境,2.34,5.79,2.2,3.85,2026-09-28
600756,浪潮软件,2.34,6.02,2.8,4.72,2026-09-28
600690,海尔智家,2.32,1.12,0.25,2.03,2026-09-28
002985,北摩高科,2.24,3.18,-3.01,4.27,2026-09-28
600748,上实发展,2.22,3.37,4.6,4.86,2026-09-28
002850,科达利,2.2,1.29,-2.96,5.23,2026-09-28
601068,中铝国际,2.17,0.56,3.57,4.05,2026-09-28
603225,新凤鸣,2.17,1.45,-2.69,7.01,2026-09-28
600569,安阳钢铁,2.15,1.14,1.71,3.43,2026-09-28
002208,合肥城建,2.15,1.38,3.82,4.33,2026-09-28
603602,纵横通信,2.11,5.43,10.04,10.56,2026-09-28
600322,津投城开,2.09,2.5,4.89,5.64,2026-09-28
301103,何氏眼科,2.08,2.94,3.47,7.72,2026-09-28
002474,榕基软件,2.06,7.1,5.32,9.08,2026-09-28
300844,山水比德,2.06,2.49,2.24,4.8,2026-09-28
002244,滨江集团,2.04,1.33,10.0,9.65,2026-09-28
603042,华脉科技,2.0,7.27,-1.84,11.92,2026-09-28
600153,建发股份,2.0,1.46,2.25,2.96,2026-09-28
601139,深圳燃气,1.96,0.86,-0.96,1.6,2026-09-28
002238,天威视讯,1.95,1.03,-0.92,12.38,2026-09-28
000755,山西高速,1.92,0.99,0.0,1.71,2026-09-28
600808,马钢股份,1.9,2.26,2.93,3.77,2026-09-28
301662,宏工科技,1.89,3.8,11.54,10.54,2026-09-28
600657,信达地产,1.86,1.56,10.1,7.17,2026-09-28
300075,数字政通,1.84,7.45,5.9,8.26,2026-09-28
002596,海南瑞泽,1.81,4.48,2.17,3.73,2026-09-28
600481,双良节能,1.78,3.47,0.77,1.8,2026-09-28
600323,瀚蓝环境,1.77,1.09,-0.1,1.58,2026-09-28
000513,丽珠集团,1.77,3.05,6.23,8.7,2026-09-28
000910,大亚圣象,1.69,4.6,-5.85,7.31,2026-09-28
002146,荣盛发展,1.68,3.55,6.61,9.09,2026-09-28
600566,济川药业,1.61,0.6,0.85,1.66,2026-09-28
600376,首开股份,1.61,2.1,6.94,10.09,2026-09-28
688685,迈信林,1.55,6.22,20.01,19.65,2026-09-28
000761,本钢板材,1.53,1.62,3.18,4.09,2026-09-28
603939,益丰药房,1.45,0.22,2.4,3.92,2026-09-28
300450,先导智能,1.41,5.35,8.21,6.76,2026-09-28
603529,爱玛科技,1.28,1.49,3.22,4.21,2026-09-28
600801,华新建材,1.21,0.82,-0.21,2.64,2026-09-28
002912,中新赛克,1.08,5.99,10.01,11.9,2026-09-28
688039,当虹科技,1.04,4.71,8.69,16.59,2026-09-28
002909,集泰股份,0.53,2.71,-5.5,8.45,2026-09-28
601238,广汽集团,0.0,4.43,10.02,0.0,2026-09-28
600825,新华传媒,0.0,2.75,10.06,0.0,2026-09-28
